الله,247
ولا,134
على,133
وما,117
اذا,112
كان,103
وان,102
الا,77
بها,77
اهل,75
فيه,68
فان,62
ومن,60
فيها,59
وكل,58
فلا,58
الذي,57
اني,55
الى,54
يكون,50
بعد,50
يوم,50
انا,48
حيث,47
لما,47
هذا,46
غير,45
منها,44
فما,44
واني,43
عليه,43
وهو,40
الحق,39
لها,37
عند,36
ولو,35
وقد,35
حتى,34
فوق,34
قوم,34
مريدي,30
الناس,30
عندي,30
اليه,30
ولي,28
وفي,28
قلت,28
ولكن,27
علم,27
ولم,26
التوحيد,26
ايها,26
مقام,25
وليس,25
بعض,25
منه,25
العلم,25
عندما,24
قولي,24
كما,24
عبد,24
ليس,23
النور,23
انه,23
كنت,23
ذاك,22
بين,22
الجمع,22
ذلك,22
يكن,22
المصطفى,21
فهو,21
بما,21
نعم,21
خير,21
بني,21
اما,20
ابراهيم,20
عين,20
لديه,20
كلامي,20
واذا,20
القول,20
قال,20
الدين,19
ربي,19
وكم,18
جدي,18
نور,18
عني,18
يقول,18
عندها,18
لمن,17
الحب,17
علمي,17
وكان,17
لدى,17
الغيب,16
انت,16
القلوب,16
رسول,16
بدا,16
عنه,16
لكن,16
الروح,16
البيت,16
لهم,16
واحد,16
فانا,16
فمن,15
بلا,15
السر,15
الهدى,15
موسى,15
عهدي,15
سلام,14
القوم,14
امر,14
الوصل,14
يوما,14
غدا,14
العينين,14
اضحى,14
القران,14
عليكم,14
احمد,14
لنا,14
الكل,14
تلك,14
بعدها,13
فضلي,13
الكريم,13
الهو,13
باسم,13
دون,13
ايا,13
حكم,13
هدى,13
حين,13
باب,13
ماذا,13
تكون,13
ولست,13
رحمة,13
المقام,13
ويا,13
فقد,13
علوم,13
العبد,13
عظيم,13
غيري,13
دونه,13
وذا,12
جهل,12
فضل,12
فيكم,12
لاهل,12
وفيه,12
البعض,12
عطاء,12
الهي,12
الكون,12
عليها,12
كانت,12
قلب,12
نورا,12
جمع,12
مما,12
سرها,12
فيا,12
فيض,12
منهم,12
يرى,12
وحيث,12
جمعا,12
ابا,12
حقا,11
دار,11
فهي,11
نفس,11
فيك,11
لعبد,11
الامر,11
فكل,11
كذا,11
منكم,11
فاني,11
المعاني,11
قلوب,11
بفضل,11
الكرام,11
وانا,11
علما,11
سري,11
شراب,11
بات,11
مني,11
اقول,11
كتاب,11
غيب,11
طاب,11
يسعى,11
العناية,11
اولو,10
نزل,10
انما,10
وانه,10
سرا,10
كرما,10
المعصوم,10
شان,10
تجلى,10
الارض,10
عنده,10
بالذي,10
الاحبة,10
علي,10
كيف,10
مثل,10
سماء,10
الم,10
نحو,10
نحن,10
عبدا,10
وهي,10
تقول,10
غاية,10
احبتي,10
القصد,10
رايت,10
لقد,9
اين,9
فانما,9
والله,9
المريد,9
لست,9
شاهد,9
عالم,9
علمنا,9
جميعا,9
لله,9
وجه,9
منة,9
لولا,9
راينا,9
قلنا,9
العبيد,9
لكل,9
اية,9
ايات,9
قدر,9
عنكم,9
تبارك,9
والبعض,9
كريم,9
وهم,9
علمها,9
قول,9
كذلك,9
الرجال,9
اجل,9
به
,8
كلها,8
لساني,8
ممن,8
كلهم,8
واهل,8
حال,8
شهدنا,8
ينال,8
ويوم,8
تكن,8
بغير,8
الحضرتين,8
قومي,8
ماء,8
عطايي,8
الغرام,8
الليل,8
لديكم,8
ابناء,8
حلة,8
ورب,8
انعم,8
الشمس,8
العلوم,8
هذه,8
السير,8
ارى,8
كنا,8
فذاك,8
الاحباب,8
ايتي,8
الحبيب,8
دونها,8
واي,8
القلب,8
انتم,8
كرم,8
الهوى,8
عليهم,8
ترى,8
فكيف,8
فواد,8
تحت,8
عيون,8
فالله,8
العطايا,8
اتى,8
قلبا,8
نورها,7
ختم,7
فينا
,7
عندنا,7
ملك,7
الغيوب,7
بان,7
فهل,7
يلقى,7
لان,7
علمه,7
وذلك,7
معنى,7
امام,7
اراد,7
شيء,7
والملايك,7
عفا,7
القرب,7
الحمى,7
عذب,7
الفضل,7
نبي,7
ربه,7
ومنها,7
سيد,7
بالله,7
الحديث,7
فليس,7
الاقطاب,7
الحقيقة,7
واعلم,7
بدء,7
بدت,7
بكل,7
فتى,7
لكم,7
بنا,7
وانما,7
قلبه,7
وتلك,7
حسن,7
المراتب,7
وبه,7
سره,7
بعضا,7
وهذا,7
قبل,7
جاء,7
صار,7
لديهم,7
علينا,7
الشفاعة,7
عنها,7
اخرى,7
غيرها,7
قيل,7
حمى,7
اللقا,7
ذكر,7
شينا,7
فصرت,7
سخاء,7
خمر,7
مرادي,7
ارباب,7
حاشا,7
بيس,7
بيت,7
التحقيق,7
معانيها,7
دعوى,7
وبعد,6
حضرة,6
والكل,6
اعطيت,6
محض,6
محب,6
كلام,6
التي,6
بعلم,6
فلي,6
النار,6
عمن,6
الغير,6
الماء,6
والا,6
سما,6
اصل,6
وكذا,6
انني,6
المهيمن,6
ستر,6
الجمال,6
الست,6
سيدي,6
ولها,6
منحة,6
كمال,6
عليك,6
نعمة,6
السما,6
العزايم,6
عبيد,6
المليك,6
وجدي,6
رايته,6
كلما,6
كشف,6
يقال,6
الامان,6
بعدما,6
قاب,6
مراد,6
لذلك,6
ابو,6
يرجو,6
روح,6
الكبرى,6
حول,6
وجل,6
مظهر,6
حديث,6
نار,6
ملء,6
مرقى,6
فاذا,6
سبحان,6
الغر,6
نال,6
وعلى,6
شيتم,6
ويشهد,6
امن,6
الذات,6
الصدور,6
شاء,6
الف,6
الي,6
بها
,6
ولولا,6
فضلا,6
هلا,6
منكر,6
لذا,6
امليتها,6
السماء,6
تعلم,6
بحر,6
وعند,6
سيدا,6
امليته,6
خوف,6
القرى,6
جينا,6
المحب,6
وثم,6
الحمد,6
سمعنا,6
اول,6
وعن,6
الارواح,6
سوى,6
عنا,6
بهم,6
لدي,6
انها,6
المشاهد,5
وله,5
اجبت,5
سترا,5
رموز,5
يستقي,5
ذاق,5
نظرة,5
اعظم,5
لاني,5
يدي,5
الطور,5
بيني,5
الكتاب,5
الكمال,5
باني,5
امان,5
يرضى,5
فيما,5
قالوا,5
فينا,5
تولوا,5
سبيل,5
حروف,5
جميع,5
لدينا,5
لذي,5
شاني,5
شيت,5
المحبوب,5
صفي,5
لديها,5
صدق,5
واية,5
العلا,5
الراوي,5
الهداة,5
وحق,5
منا,5
الاملاك,5
وصل,5
الوصف,5
مشربي,5
الشيخ,5
فكم,5
علومي,5
النثر,5
الاصل,5
كلت,5
ملاى,5
فقلت,5
الذين,5
عجب,5
لولاه,5
الرسول,5
ولكني,5
سبق,5
كنيت,5
والخفاء,5
ابي,5
رفع,5
يميني,5
حبنا,5
فيهم,5
عنا
,5
صدور,5
البدء,5
هذي,5
همم,5
ذات,5
الحال,5
وذو,5
صلاة,5
بذاك,5
جيته,5
فخر,5
اليكم,5
الخير,5
المرايي,5
جمعنا,5
طيب,5
صاحب,5
الايات,5
البداية,5
وغاية,5
الاكوان,5
بنور,5
سعدا,5
والقرى,5
المانعات,5
الـ,5
تجلت,5
وحاذر,5
اعطى,5
واين,5
حبيب,5
رجال,5
صرنا,5
حسبي,5
قوما,5
بينهم,5
تالله,5
ربنا,5
العلياء,5
قايم,5
سلني,5
الزيادة,5
اودعت,5
ولما,5
رحيم,5
والحب,5
حبي,5
يعلم,5
يابى,5
الخلق,5
كمن,5
الذكر,5
هنييا,5
عجبا,5
احيا,5
وبين,5
ابغي,5
الحجاب,5
فتلك,5
الحقايق,5
اثم,5
حان,5
رمت,5
لذاك,5
نوره,5
الجهل,5
فعل,5
مقامي,5
العطاء,4
وكن,4
اخبرت,4
اولي,4
بلوغ,4
هبة,4
همة,4
احبوه,4
فكنت,4
المامول,4
اماني,4
جهلوا,4
جمعهم,4
ختما,4
توحيد,4
السوى,4
بعده,4
فاعلم,4
نزلت,4
فلم,4
وقلت,4
لقران,4
الظن,4
خلا,4
خلت,4
الايمان,4
لكنها,4
يعطى,4
العظيم,4
ثلاثا,4
الابصار,4
جنى,4
شرابها,4
النبي,4
نجاة,4
بعضها,4
ارض,4
اميط,4
وهذي,4
البيان,4
مريد,4
تجلي,4
محكم,4
سهام,4
جناح,4
العزم,4
نجد,4
عيسى,4
عسى,4
قبس,4
بطون,4
دنت,4
دنا,4
تولى,4
اشعة,4
بيننا,4
يجهل,4
السلام,4
كاني,4
بغية,4
عساكم,4
ظاهرا,4
وكيف,4
واصل,4
حصن,4
سحاب,4
صفاء,4
عندهم,4
وخاب,4
سالت,4
ادم,4
قديما,4
وانني,4
الوجه,4
هنالك,4
العين,4
وحاشا,4
عناية,4
ورثت,4
يبغي,4
لقيت,4
جمال,4
بيتي,4
الستر,4
واشرب,4
عطايها,4
عشر,4
ببعض,4
والسموات,4
واول,4
كفوا,4
وجيء,4
ولان,4
وبيت,4
وانتم,4
يسقى,4
ويمنح,4
بدءا,4
طريقي,4
فذي,4
حديثا,4
علمتم,4
الخل,4
يبلغ,4
وارث,4
فانه,4
اليوم,4
بماء,4
عطية,4
تروى,4
العقل,4
التقى,4
ونعم,4
اهلها,4
جبال,4
استواء,4
واصلا,4
وكنا,4
بخس,4
رتب,4
يسيرا,4
كلماتها,4
المنايح,4
فخذوا,4
خصني,4
خصة,4
شرب,4
يرضيه,4
يطيب,4
الاعلى,4
عطيتي,4
يجود,4
يقينا,4
اتيت,4
مشاهدا,4
منازل,4
افنى,4
قيد,4
يصير,4
السوء,4
جاءني,4
بي
,4
جاهل,4
خلف,4
المولى,4
التقريب,4
الوهم,4
عبث,4
لفخر,4
حجب,4
متن,4
تغشى,4
امل,4
جنيتم,4
عباد,4
امنا,4
اراه,4
الزهراء,4
سابقا,4
امين,4
اثقلت,4
نجم,4
زلت,4
وعلمي,4
عقول,4
جلوة,4
محمد,4
فاين,4
لكنه,4
فصلت,4
واشهد,4
والنبيون,4
خفاء,4
صبرت,4
الكف,4
وحتى,4
بصدق,4
كريما,4
بقولي,4
عصبة,4
عطاياه,4
الحي,4
الزمان,4
قديم,4
منك,4
خاب,4
لهذا,4
الغار,4
موصول,4
رحاب,4
الامن,4
تراه,4
فانتم,4
رياح,4
لواء,4
ونحن,4
الاسرار,4
اخر,4
كله,4
شهودي,4
امره,4
مولاي,4
ثلاث,4
اجمعه,4
نبع,4
يعظم,4
كاس,4
المعنى,4
ادراك,4
نظما,4
ضلوا,4
يرتجيه,4
ملجا,4
محبوبي,4
العرش,4
مكنون,4
خوض,4
وربك,4
علة,4
قلوبا,4
حرام,4
وتم,4
الجود,4
يرمي,4
حينا,4
والحكم,4
قالت,4
قام,4
خردل,4
حشدا,4
غيره,4
سوف,4
اتم,4
كرام,4
صفيا,4
التجلي,4
ميقات,4
الحسن,4
الانوار,4
قلبت,4
لدن,4
مقامه,4
وقاية,4
احبابي,3
سعيت,3
اولى,3
ولى,3
راحها,3
ويشرب,3
ابنايي,3
نصحي,3
ايام,3
بيوت,3
الهجا,3
عندكم,3
يضل,3
ليت,3
خفي,3
خزاين,3
جادت,3
تكونوا,3
زعمتم,3
يسري,3
الراعي,3
واخرى,3
والحقايق,3
العفو,3
للمولى,3
وخذ,3
شقوة,3
الفهوم,3
دوما,3
وضح,3
زال,3
بريء,3
جهالة,3
والارض,3
الرحمن,3
جدل,3
وابراهيم,3
معي,3
باطلا,3
بينكم,3
فوقها,3
الكليم,3
بال,3
الاواب,3
بدلو,3
مشكاة,3
كتابي,3
صافي,3
الكسير,3
ويجمع,3
الحماية,3
بالوصل,3
فخل,3
يطول,3
ماثورتي,3
دكت,3
الغيث,3
وحدي,3
سفين,3
عمدة,3
سعد,3
وقمت,3
بجهل,3
غيوب,3
مشرب,3
دقايقها,3
شرابي,3
المكنون,3
جهول,3
امة,3
فيه
,3
ويصبح,3
تلقى,3
جمعكم,3
وهذه,3
روايتي
,3
عزنا,3
عونا,3
الوجوه,3
الوصال,3
هارون,3
بقلوبكم,3
اللوح,3
عينا,3
المعاني
,3
سبيلي,3
زورا,3
تقل,3
ياتي,3
لقوم,3
بداية,3
نفع,3
لاولي,3
سادتي,3
الاميـ,3
واصبح,3
يخشى,3
شيخ,3
دين,3
سلموا,3
شي
,3
رجاء,3
اهيل,3
الفهم,3
وقول,3
يجمع,3
وجنة,3
صمت
,3
التسليم,3
كامل,3
تعطى,3
بحق,3
الشهود,3
وجوه,3
تاب,3
الدنيا,3
رشدا,3
الجهالة,3
فنحن,3
حملت,3
جلت,3
عادت,3
فقل,3
وصف,3
عنهم,3
البحار,3
ضلالة,3
الصالحين,3
فالخير,3
مويد,3
نارا,3
بعهدي,3
الارفاد,3
يهتدي,3
جاءكم,3
مات,3
قبلها,3
ويحرم,3
اردت,3
بناء,3
راحما,3
الروابي,3
فتون,3
ربك,3
يبلغه,3
الاحمدية,3
نوح,3
اوصيك,3
جيت,3
نفخة,3
فذلك,3
دخلا,3
بياني,3
سمعتم,3
نظمي,3
يرون,3
مالك,3
نرى,3
كلا,3
كانوا,3
حلول,3
طريقتي
,3
طوعا,3
مليت,3
الكاف,3
يذوق,3
مرة,3
قلوبهم,3
يومها,3
السيد,3
سقيت,3
وماء,3
توسلت,3
الاخرى,3
رمتم,3
اللب,3
اسرار,3
الصبابة,3
اليقيـ,3
ليتكم,3
تمت,3
وانظر,3
عزت,3
وقلوب,3
بعضهم,3
والحق,3
الثقلان,3
ظلم,3
التيه,3
غرا,3
وعد,3
الفناء,3
ترد,3
لنيل,3
وايم,3
معتق,3
مختوم,3
ظلمة,3
العطاء
,3
ومنة,3
شمس,3
الجوى,3
وطاب,3
ابواب,3
انست,3
الامام,3
المغبون,3
ليعلم,3
يفنى,3
فاز,3
واكرع,3
قدوة,3
ونور,3
للقلوب,3
اثر,3
عال,3
وسر,3
يشفي,3
كلامنا,3
حاروا,3
سرنا,3
امرها,3
نزلوا,3
تجدي,3
الدعوى,3
الزهرا,3
كتب,3
وفيها,3
ترون,3
اميني,3
تجليها,3
ابن,3
بكم,3
امامي
,3
المحمود,3
ثوبا,3
اقيم,3
اسراره,3
البرهان
,3
قولنا,3
شاكرا,3
شهد,3
يغيب,3
وقولي,3
بامر,3
رشد,3
اليها,3
حكمتنا
,3
جيء,3
والقول,3
وملك,3
ضلت,3
الباس,3
الخليل,3
وجعلت,3
لوجه,3
اولا,3
الواصلين,3
واضرب,3
هدي,3
وسري,3
نقص,3
الفنا,3
والنور,3
وعبد,3
قبلة,3
الضحى,3
والقمر
,3
ارتقاء,3
فانعم,3
فصار,3
صرفا,3
ففي,3
الرفد,3
اجمعها,3
باغي,3
وعليه,3
معناه,3
الرب,3
يكفيك,3
ليصبح,3
الراح,3
كلمات,3
عدل,3
عروة,3
حماي,3
نسب,3
خدور,3
سلاما,3
جمعها,3
الرحيم,3
هداها,3
اوصى,3
لات,3
غمت,3
العالمين
,3
جدا,3
القدر,3
وانت,3
قضيت,3
وراق,3
فول,3
روحه,3
باغ,3
يبقى,3
ويجعله,3
حجة,3
خيرا,3
ديني,3
تاتي,3
عمد,3
حدا,3
يصطلي,3
وحسن,3
حار,3
قدري,3
دعوا,3
سرى,3
الحياء,3
محبتي,3
واحدا,3
تحيط,3
لباس,3
ضير,3
حبينا,3
واله,3
والي,3
تكريما,3
اجود,3
انى,3
هديت,3
كاتب
,3
كنز,3
فهذي,3
والغيب,3
بلغت,3
هدوا,3
اليقين,3
الحديد
,3
صلاتي,3
تعلموا,3
رمزا,3
والدين,3
شكرتم,3
وصلنا
,3
يدري,3
غبت,3
للاحبة,3
ندي,3
حكمي,3
اردتم,3
بتسليم,3
جودي,3
الجنات,3
الجناب,3
فارغب,3
وال,3
صفح,3
وجدوا,3
لاحمد,3
يقينا
,3
غيرنا,3
عليما,3
فنى,3
اصطفيت,3
قرى,3
الخلايق,3
عناء,3
مسمى,3
يمموا,3
الكاينات,3
الوصول,3
الملايك,3
العلي,3
فذا,3
وهل,3
بقوة,3
ساد,3
عون,3
حياة,3
عطشى,3
وانها,3
طلعت,3
الفخار,3
يشاء,3
يحتمي,3
رويت,3
عيانا
,3
القطيعة,3
مغيب,3
يرتضي,3
المثاني,3
ينبوع,3
امسك,3
رام,3
الفرد,3
وهمت,3
وغير,3
اخا,3
صفحا,3
تابعي,3
وكفوا,3
بحسن,3
علوما,3
وعندكم,3
شعاع,3
ففيه,3
كره,3
الحول,3
جواهر,3
سنا,3
سنة,3
يخيب,3
احبايي,3
كووس,3
ابدا,3
اياته,3
شقوة
,3
نظمت,3
يكفي,3
الفواد,3
يفوز,3
صرف,3
قضاء,3
يفز,3
بيتا,3
رضيت,3
الحرام,3
رفيع,3
سيف,3
يجد,3
الاحوال,3
اللسان,3
علا,3
علت,3
يساق,3
يسال,3
اهتدى,3
طريق,3
ردوا,3
فصرنا,3
وجها,3
نيل,3
قولوا,3
ركب,3
المعطي,3
اعانق,3
اسفرت,3
ينبي,3
الاغيار,3
بالحق,3
الخبايا,3
المحض,3
عاد,3
فحقا,3
الفصل,3
الاعراب,3
فناء,3
الثنا,3
الاختلاف,3
عزمي,3
حزت,3
شهدوا,3
لها
,3
محفوظا,3
واخذت,3
قرانا,3
راني,3
اليهم,3
فالى,3
باطل,3
فالذي,3
يهدي,3
الموصول,3
تصروا,3
نوري,3
كتبت,3
كتم,3
امينا,3
لبعض,2
عندي
,2
والبقاء,2
المورود,2
توجهي,2
الشهود
,2
المكارم,2
وابن,2
وابل,2
المنظوم,2
المحبة,2
الحماية
,2
يحيي,2
خلفوا,2
اشاهد,2
حوض,2
وليل,2
ويصعب,2
ليجمع,2
البلد,2
عدلي,2
شرف,2
شاءت,2
هجرت,2
رعاة,2
المرتقات,2
يبيت,2
مارب
,2
زايرا,2
يفارق,2
ترسو,2
عرفت,2
امني,2
جميلا,2
كفر,2
ظماى,2
اليس,2
يجعل,2
وفيهم,2
جابر,2
قاصدا,2
فرقة,2
معدني,2
غيثها,2
عموا,2
الختام,2
وردوا,2
العلية
,2
بنوري,2
السبع,2
توتي,2
اذعنت,2
نقطة,2
الشكاية,2
بمصر,2
الفيض,2
قضى,2
ظموا,2
تضيق,2
بمحض,2
الجليل,2
مزودا,2
يقتفى,2
سجدة,2
افشاء,2
سيدات,2
للديان
,2
وبينها
,2
ناصر,2
يفندني,2
بمضنون,2
وغاب,2
يبدو,2
برحمتي,2
استاري,2
تصاحب,2
الرتق,2
عادهم,2
هنا,2
افاد,2
افاء,2
القربى,2
اظلت
,2
تضرعوا,2
سليمان,2
كدنا,2
جرم,2
فتونها
,2
وعظم,2
جمالي,2
خفايا,2
جماله,2
يفرح,2
اجيادهم,2
بالجهل,2
بزعمهم,2
ابتداء,2
تسير,2
اجملته,2
كسر,2
صبرنا,2
اهلي,2
نفسه,2
وفى,2
دكت
,2
الاولى,2
جده,2
يصغي,2
بظلم,2
هموا,2
اعجز,2
يبتغي,2
الحشا,2
مصر,2
اليد
,2
شفاء,2
فيرتقي,2
ارواح,2
الشفاء
,2
قاسم,2
وعاد,2
طاعة,2
الزيغ,2
يجوز,2
مهدي,2
ذوات,2
بدات,2
صحايف,2
فبها,2
تايه,2
مفاتيح,2
ندري,2
الخفية
,2
داء,2
يعيش,2
الصلاة,2
باستار,2
فلو,2
والمعلم,2
وكذلك,2
يوتى,2
العباد,2
قوسين,2
الفتى,2
فانها,2
عيونا,2
يلقي,2
الامين,2
اسعى,2
الولاية,2
وخلت,2
غيرية,2
يشقى,2
خلصوا,2
جوهر,2
ودون,2
تخلى,2
مذاق,2
الركايب,2
يكمل,2
يكره,2
حايدا,2
مكامن,2
لام,2
التظالم,2
اعطيناك,2
وكانت,2
لشامت
,2
المنزلات
,2
عاينته,2
فرق,2
بقية,2
التفريق,2
مثله
,2
وختم,2
غافل,2
احمى,2
رحيقا,2
الاقدام
,2
للعباد,2
ربا,2
يعطي,2
بايعوا,2
اخوان,2
حينها,2
سويا
,2
ولديه,2
اكمل,2
طايف,2
سبعين,2
داود,2
بلغ,2
النفوس,2
جانب,2
مايه,2
مايي,2
ابديت,2
بعيد,2
النساء,2
تحتمله,2
بطي,2
شرابه,2
نسبوا,2
جمعوا,2
تلقون,2
يغشاه,2
قدرا,2
وشكر,2
صحيح,2
تركها,2
رفدها,2
جهرة,2
الجواد,2
راغب
,2
جهرا,2
والتمكين,2
قدوتي,2
فرايدي,2
المهابة,2
ذكرها,2
شديد,2
قسوت,2
الوفاء,2
اربى
,2
الظهور,2
ينابيع,2
تلقيني
,2
العارفين,2
العمران,2
ساير,2
داري,2
حواه,2
توهم,2
عليايه,2
يرضي,2
اضن,2
سيرها,2
والد,2
سمت,2
سمة,2
المحتمي,2
الدين
,2
الامانة
,2
اقضي,2
العزيز,2
معاذ,2
مثوى,2
زيادة,2
هاد,2
يباع,2
شمايل,2
تيه,2
احدى,2
الصبر,2
شييا,2
تغني,2
ذكرنا,2
جنات,2
المودة,2
منزلة,2
مسلكا,2
تمنوا
,2
طامع,2
كبرى,2
هواء,2
بحارا,2
ويعظم,2
امنة,2
معلم,2
ليوم,2
لداعي,2
وشهدت,2
ولكم,2
ولكل,2
ميذاب,2
الوجود
,2
البتول,2
الثقات
,2
المجموع,2
الفرق,2
طلعته,2
الرضا,2
شانه,2
قوله,2
صنو,2
دونهن,2
الروى,2
صفو,2
العطا,2
خليا,2
التقتير,2
نزلتم,2
مزور,2
الواحدية,2
يستطيع,2
عرف,2
منطقي,2
بسيف,2
ولكنه,2
الشر,2
وامان,2
النجاة,2
الحج,2
الحد,2
الحس,2
والنبي,2
مايها,2
صحو,2
مبديي,2
واتحاد,2
الزور,2
كووسا,2
واتخذنا,2
الصد,2
هناك,2
نار
,2
بغيب,2
الانبياء,2
لديك,2
الاحسان,2
حارت,2
الذاريات,2
عود,2
يقري,2
تاج,2
عكفوا,2
حكمة,2
بارينا,2
تعسا,2
ومناقب,2
عاينوها,2
الانعام
,2
غيبا,2
محجوبة,2
غيبت,2
منح,2
عرفوا,2
دولة,2
فقه,2
كرامة,2
وعدت,2
ديني
,2
النظم,2
غصة,2
تاذن,2
طريقتنا
,2
المتيم,2
امدادا,2
فالهدى,2
يعط,2
يعز,2
مدبرا,2
استجاروا,2
وحينا,2
ابيتم,2
رشفة,2
ورحمتي
,2
يصدق,2
امنتم,2
فالحق,2
الانسان
,2
اثنين,2
براءة,2
تمورا
,2
عندها
,2
اشاراتي,2
الكلام,2
جاهلا,2
يبلغكم,2
واومض,2
اهوى,2
وعاينوا,2
لاظهرت,2
وكفي,2
جمعت,2
المراد,2
العظايم,2
الموثقين,2
معيني,2
جهلا,2
والبها,2
الهبات,2
صفات,2
وصية,2
دارهم,2
يستغفرون,2
عفوا,2
عفوت,2
بالحقايق,2
العنا,2
يحبو,2
سوالك,2
والعيش,2
فجر,2
والطين
,2
اخو,2
وخاض,2
الاصباح,2
جدهم,2
بغيته,2
مقامي
,2
المحسنين,2
يخبر,2
المساكين
,2
انبتت,2
وغيري,2
ورثنا,2
فتيلتي
,2
كاف,2
ثنى,2
الوفاء
,2
سلما,2
الجبال,2
المسيء,2
احتمى,2
طرقنا,2
طلع,2
القيد,2
ثنيات,2
الكناية,2
الهجر,2
نوال,2
فلست,2
فرات,2
فتحا,2
غنموا,2
فتحت,2
لبى,2
الخضر,2
الموايد
,2
الجميل,2
صبا,2
يروم,2
مرفوع,2
تمر,2
تبث,2
الحسنى,2
رضيتها,2
تضاهى,2
يطلب,2
ثلاثة,2
لظى,2
سوانا
,2
فيعطي,2
اماني
,2
الشقوتين,2
مكانتي
,2
بالمستجار,2
بيته,2
رايتم,2
خمري,2
المنازل,2
يجل,2
جفاء,2
ومات,2
بنفخة,2
احفظ,2
عجز,2
تهب,2
حلت,2
وربي,2
الكلمات,2
منانا,2
حولها,2
ولمن,2
الرسل,2
ليته,2
تبثوا,2
الصفات
,2
الاواه,2
والعز,2
يفتح,2
ومرحمة,2
صحاف,2
وجهه,2
وجهي,2
يجني,2
المنتهى,2
هجر,2
الاعجمية,2
كابرا,2
الاستار,2
صمت,2
الاي,2
يستنكف,2
الخوف,2
واعرض,2
ضياء,2
الساق,2
عزة,2
سخي,2
ينظر,2
وسبعين
,2
القطاع,2
صموا,2
الجاهلين,2
واحمد,2
عليا
,2
جزته,2
بانني,2
استحياء
,2
جمحت,2
كاظم,2
حانه,2
كفانا
,2
فخلوا,2
والسراير,2
ترة,2
محيي,2
المقارف,2
واخبرت,2
طريد,2
عيشا,2
الاركان,2
حرمة,2
ركوب,2
قطوف,2
الجهالة
,2
تسمى,2
عطاوه,2
تكفني,2
هدينا,2
وتر,2
ابهى,2
الاحدية
,2
وكنية,2
وازدانت,2
مورد,2
محكمات,2
كيفية,2
الثناء,2
خواض,2
وطاش,2
يداه,2
طاف,2
باحمد,2
تميلوا,2
يحكمني,2
الاسماء
,2
سيلتم,2
غيرا,2
الصحابة,2
توليت
,2
العوايد
,2
الي
,2
درة,2
الرقى,2
شتان,2
اوابها,2
امامهم,2
بعلمنا,2
العماء,2
بسوء,2
نضيد,2
وفينا,2
انعكاس,2
شربة,2
روضتي
,2
شربت,2
محبنا,2
مستقيم,2
يحظى,2
الاسرا,2
وراثة,2
ذكرا,2
اسس,2
وارد,2
ساحتي,2
كفيه,2
سفينتي
,2
يماط,2
وراجع,2
واتيت,2
قولها,2
نظيف,2
غايبا,2
هشيم,2
السايل,2
واعرف,2
بمادح,2
صحبة,2
نلته,2
حوته,2
مزيتي
,2
العقول,2
عرفنا,2
والصفا,2
لبسوا,2
فبه,2
الطرايق,2
والتنزيل,2
عبرة,2
الاعراف,2
نعمتنا
,2
رسل,2
اعرضت,2
ابراهيم
,2
ويسقى,2
بشيونها
,2
عنك,2
رحب,2
خلاف,2
لاعطي,2
عرفتم,2
مامونا,2
ناجى,2
التقي,2
اسما,2
فتق,2
لقبلة,2
نرجو,2
استبان,2
كلماتنا,2
فاما,2
الوعد,2
علكم,2
الينا,2
اعطت,2
اضاء,2
اصحاب,2
وتلقيني,2
بنت,2
يرجى,2
ظعن,2
شريك,2
مذاقا,2
نبتغي,2
ارفاده,2
رجس,2
جعلت,2
كالهو,2
عبيدا,2
شامخات,2
يملى,2
يملك,2
ينتهي,2
النجي,2
معارج,2
النجم,2
شينا
,2
مقالتي
,2
لغيرك,2
بقربة,2
الملا,2
جلال,2
العصماء
,2
تقرب,2
يضيء,2
كانهم,2
وحولي,2
علامة,2
ويعرف,2
نسبا,2
يقلب,2
فاصبح,2
اليك,2
فلما,2
يسوقها,2
شاهدت,2
النفخة,2
بالعطايا,2
راها,2
المعتق,2
السالكين
,2
رداء,2
امانا,2
بفضلك,2
الانكار,2
اميطوا,2
فاتبعني,2
سنات
,2
وليد,2
بقلوبنا,2
ولدى,2
مبدا,2
تضلوا,2
خصت,2
وهاب,2
كفه,2
فلقا,2
فرتلها,2
شهود,2
سفر,2
يرضيك,2
يمناي,2
قلتها,2
وحمدي,2
زيتها,2
الافك,2
دقت,2
بربهم,2
عليم,2
رفعة,2
سمات,2
الشهر,2
حرج,2
القدير,2
غافرا,2
فغدوا,2
جوار,2
العتب,2
عطيته,2
رموه,2
الهوية
,2
اهلا,2
اطعنا,2
عجايبا,2
والتجافي,2
ملح,2
ملا,2
فاسمع,2
جنة,2
قبلتي
,2
العز,2
المنى,2
وبعدا,2
تتمة,2
فانني,2
وبالتوحيد,2
ولكنا,2
بيمين,2
وقال,2
وذي,2
غفلت,2
لبدء,2
بالاحسان
,2
ظنوا,2
فقير,2
صلى,2
مثلما,2
الغث,2
عجيب,2
فها,2
فاعلموا,2
امانة,2
براحتي
,2
ظاهر
,2
شقي,2
ناظري,2
طلعة
,2
جملتي
,2
الابواب,2
والصبابة,2
زاد,2
حباها,2
تنزلت,2
لاح,2
قطب,2
قطع,2
نشرت,2
المقتدر
,2
مكان,2
خلق,2
زورهم,2
ذكرك,2
الخلافة,2
صدره,2
الاعلام
,2
لجج,2
وعترة
,2
دخل,2
فعالهم,2
وقلنا
,2
ارحنا,2
نحيا,2
تكبوا,2
كرهوا,2
وبي,2
اذن,2
مرفوعة,2
جبر,2
ادعو,2
اكنت,2
يجبر,2
منبر,2
يمين,2
اهلكت,2
البشرى,2
وعلم,2
اصول,2
دعا,2
كثرت,2
ونلنا,2
واذكر,2
رضي,2
جليس,2
استقام,2
علمت,2
اينعت,2
حدثت,2
الخليفة,2
طرف,2
والمصطفى,2
سمعي,2
السخاء
,2
بعدها
,2
عما,2
زفرة,2
ظواهرها,2
امم,2
امي,2
المعيـ,2
شيخا,2
سابحا,2
لكنهم,2
مغنما,2
يفقهوا,2
الذرى,2
بقبل,2
الصواب,2
الثواب,2
فله,2
الضنى,2
حاز,2
العنقاء,2
ورحمة,2
اريج,2
فكلنا,2
مارب,2
مسافرا,2
فرط,2
فرج,2
فرد,2
الخبا,2
فرب,2
اجير,2
سعى,2
الشقي,2
القن,2
فاسال,2
النبا,2
عيان,2
جمحتم,2
الحقيقة
,2
سواي,2
برق,2
دررا,2
سايل,2
خلعة,2
اتاك,2
تجمعت,2
واضحى,2
والى,2
الردى,2
بعين,2
الكريمة,2
حري,2
غفل,2
تردى,2
ولقد,2
السماء
,2
بقاء,2
الثناء
,2
الرحمن
,2
انسان,2
ادلى,2
بارض,2
بوهم,2
وتمت,2
ستورا,2
غيابة,2
تريد,2
لانه,2
حجاب,2
ظلي,2
وردتم,2
شيمتي,2
يرفعه,2
نجي,2
الوثقى,2
اربع,2
مثلي,2
الهداية
,2
شهدت,2
بالعناية,2
خلتي,2
بذي,2
اوصيكها,2
هديا,2
المحارم,2
وحول,2
قسمة,2
فيظهر,2
مقطوع,2
بوصلي,2
والقران,2
بيانها,2
غرامي,2
وظل,2
العليم,2
سبقت,2
اعني,2
يغلب
,2
سحايب
,2
احتواء,2
الحوالك,2
الهداية,2
المخصوص,2
انوار,2
هباء,2
ختام,2
حفظ,2
عطاء
,2
سمير,2
افرد,2
معطي,2
نهدي,2
شفاعة,2
الموت,2
معان,2
صنع,2
مومنون,2
شربتم,2
جاز,2
اسر,2
بزينب,2
حنث,2
يدعي,2
ابصار,2
فاني
,2
حجا,2
مكارمي,2
بطيب,2
صدر,2
الرفرف,2
حياء,2
السبيل,2
اشترى,2
طلبوا,2
الهواجس,2
اننا,2
القاب,2
عيش,2
الوذ,2
حمانا
,2
الود,2
صفوة,2
وسوف,2
وهب,2
لذة,2
مقامها,2
كانا,2
الملقيات
,2
قولا,2
حجر,2
يوسفي,2
يحتذى,2
وام,2
طاعتي,2
اسفر
,2
صفة,2
صفت,2
تملك,2
سجد
,2
جلي,2
الايام,2
اقدار,2
نسوا,2
لوايي,2
وفضلا,2
وقطوفها,2
حشا,2
تداركه,2
صادقا,2
اشرقت,2
ميت,2
كتابا,2
طيها,2
نادى,2
حميثا,2
خطب,2
الانعام,2
تواكبت,2
نعطي,2
افلا,2
يصبح,2
بخير,2
يراح,2
فصل,2
وطاعة,2
اعظم
,2
شهدناها,2
كان
,2
يطعم,2
يقوم,2
الايمان
,2
التعاسة,2
طوبى,2
ماية,2
اودع,2
صفاته
,2
الشفيع,2
مزاجها,2
موءودة,2
قاض,2
احبوكم,2
كتما,2
شهادة,2
الران,2
ينزل,2
تلقاه,2
وهن,2
حظي,2
تارة,2
وعندما,2
مال,2
براح,2
براء,2
تنوع,2
التناجي,2
ثمارا,2
وبعدها,2
بالقران,2
سبحوا,2
ايمة,2
شكرا,2
شقاء,2
حلتي
,2
جاوز,2
الفرايد,2
بشارتي
,2
يود,2
ولي
,2
احد,2
احب,2
هادي,2
محبتي
,2
رضوان,2
دنيا,2
عترته,2
زعم,2
تلقيت
,2
ذلة
,2
وصبري,2
اوجست,2
ملكي,2
ملكه,2
الصفا,2
تعالى,2
الوصية
,2
فالحب,2
برييا,2
سالك,2
مشربا,2
يوذيني
,2
جيتها,2
وردوها,2
زادني,2
عزيز,2
الاله,2
لعين,2
اجمل,2
نعمة
,2
خوفا,2
ارادة,2
فاعقلوها,2
وحكمها,2
شكاية,2
سدنا,2
ريح,2
ملوك,2
زالت,2
مهلكات
,2
ورسول,2
راى,2
راه,2
ينفع,2
الفوق,2
محجب,2
مهلكة,2
الشيطان,2
الداعي,2
واكشف,2
الجفا,2
واصف,2
الحضيرات,2
حمل,2
يرتل,2
المسول,2
اخت,2
التراحم,2
اخذ,2
وصلا,2
عهدا,2
ارادتي
,2
حفظت,2
المبجل,2
اشهدت,2
وعين,2
السلسبيل,2
السنين,2
منا
,2
امري,2
النورين,2
معاين,2
تخوضوا,2
البرية
,2
اخصكم,2
جدها,2
الاكرام
,2
ماملنا,2
انبيت,2
بسر,2
يومه,2
هوى,2
رمزها
,2
قارفوا,2
ومعينه,2
ليوسف,2
بعزها,2
لاميني,2
نبا,2
لهن,2
الحكم,2
خمرها,2
برءا,2
الصيام,2
جدي
,2
وبينكم,2
اجاج,2
هيبتي,2
اوصاف,2
نوم,2
لساحتنا
,2
فهوم,2
اهة,2
ويقريه,2
الجهول,2
وعلمناه,2
المرسلات,2
بطونها
,2
وجهتي
,2
واعطينا,2
وغيرهم,2
قلوبكم,2
صحيحا,2
والعناية,2
بدر,2
السعي,2
ملايك,2
كشفه,2
والكرسي,2
مثاني
,2
الاستوا,2
تفصيل,2
مفرق,2
سماوات,2
امهات,2
والكنى,2
حكيم,2
ذوي,2
والخواتم,2
جمعة,2
ينكر,2
زيت,2
وصرنا,2
وموهبة,2
غرايبها,2
استطعتم,2
لبيك,2
مبينا
,2
البصاير,2
انتفى,2
مخافة,2
القرى
,2
كنتم,2
امامنا,2
اعرف,2
اللثام,2
تلي,2
منحتنا,2
قصد,2
موايد,2
فريد,2
فريح,2
السابقات,2
العذب,2
منابع,2
انكار,2
فتنة,2
الرمز,2
فاطلقها,2
اياتها,2
اسماء,2
دفنت,2
الجميع,2
وجهة,2
ضياه,2
القران
,2
العروة,2
ينته,2
روينا,2
رحمتي,2
ولات,2
نعمتي
,2
تزيا,2
نصحتك,2
الحين,2
تعثوا,2
علومنا,2
جور,2
وذاك,2
تذكرينني,2
والمجتبى,2
ولكنها,2
الولوج,2
ينجلي,2
السنا,2
السند,2
غلبنا,2
عقد,2
لمشكاة,2
الاماجد,2
يلوذ,2
منحنا,2
عجبت,2
الاسمى,2
فاقبلوا,2
حانت,2
ثاني,2
اعين,2
نسيتم,2
للكرام,2
اماما,2
عهدناك,2
يعرف,2
صليت,2
الدهر,2
بانت,2
وصلها,2
يسير,2
حيثما,2
المنكرين
,2
روافد,2
ظاهر,2
تسمع,2
لغدا,2
والامن,2
لسان,2
القصاص,2
الدار,2
الرضوان,2
الخفا,2
الحياة,2
عار,2
عاش,2
فلولا,2
البها
,2
البينات
,2
فوقه,2
يحكم,2
سبع,2
ينسب,2
جفوة,2
الشهادة,2
خاف,2
زدني,2
ريا
,2
يدين,2
ارثا,2
استرعيته,2
والتاخي,2
الساري,2
واللوح,2
احكام,2
اصبحت,2
للنبي,2
بطن,2
كفينا,2
قادر,2
اورثناه,2
ازل,2
بحار,2
طين,2
ومما,2
ثملا,2
يبلى,2
الكاتبين
,2
وصلنا,2
صواع,2
قوام,2
الاعلام,2
قوس,2
كذبوا,2
مكانة,2
وعهدي,2
اصبح,2
وبلا,2
يلقاه,2
محتمل,2
ترمي,2
سيما,2
شافيا,2
خبيا
,2
المحكمات,2
احد
,2
طور,2
تدلى,2
انزل,2
واخفينا,2
ترفع,2
لعبده,2
مزاجا,2
رتق,2
امورا,2
الوتين,2
فكفوا,2
للذي,2
بكف,2
فخرا,2
جميعهم,2
فحاذر,2
فسادا,2
دانت,2
اعلى,2
بفضلها,2
جنيت,2
مراى,2
مورود,1
يثنيه,1
ويستفيد
,1
واشفع,1
بالاستفيال
,1
رعيناه,1
الوسيلة,1
سبحنا,1
غواص,1
سلامي
,1
الحوالك
,1
بالعزم,1
كراما
,1
التقاذف,1
ارعى,1
الضلالة,1
اشربوه,1
طالت,1
سلمان,1
طالب,1
والخلافة,1
عودة
,1
بفرد,1
وزفير
,1
فالكتاب,1
فاحلل,1
التفات,1
زكا,1
تبدى
,1
تحبير
,1
بتاج,1
اسمى,1
بتار,1
اطواري
,1
والخصومات,1
محال,1
تصطلي,1
الاول
,1
يطعمنا,1
فالقران,1
معشر,1
ما
,1
صوابي
,1
وقطع,1
الحسين
,1
والامين,1
مسندا,1
وفيهن,1
سعيد,1
لعزتنا,1
الورى,1
سعيا,1
المستنكفين
,1
الورق,1
براحي,1
واطل,1
باخراكم,1
مرقعتي,1
حضيرة,1
ستاير
,1
بسطتم,1
واستطابوها,1
الشافعات
,1
صاحب
,1
عيونها,1
اخضر,1
مشبه
,1
للدنا,1
ينل,1
طويلا
,1
النامي
,1
ويعاني
,1
ليجوزها,1
الاعناق,1
ترة
,1
قيود
,1
ضياها,1
نراه,1
جمعتها,1
درايتنا
,1
المشورة
,1
وابى,1
موثق,1
الطهر,1
فاولهم,1
للخلايق,1
اقيم
,1
شمايلي,1
فيا
,1
السخاء,1
يبايع,1
انصافا,1
ببيت,1
والنون,1
جدلا
,1
فعلم,1
توابعها,1
الربا
,1
انة
,1
وصلت,1
رحالنا,1
ياتونها
,1
كافيتي
,1
والفنا,1
وكف,1
كاصباح,1
زيتي,1
مستشفعا,1
حلتنا
,1
بتهمتي
,1
الدك,1
فادناه,1
حلاوة,1
ولوعة
,1
اتوا,1
فالملقيات,1
نفايس,1
رقية,1
مدارك,1
هوية,1
ماقي,1
عاقلي,1
بسبع,1
اقبح,1
عذبا
,1
فلمن,1
ازالك
,1
بايع,1
وليي,1
مشتغلا
,1
مقبل
,1
مامن,1
اكن
,1
باميني,1
الندية
,1
ولين,1
لسقايتي
,1
ويصعد,1
فيحمل,1
حوت,1
السخا,1
النافذات,1
اثره,1
اثري,1
الاحمد
,1
منجيني
,1
بخضابها
,1
فلتسمعوا,1
يلونها
,1
وفتحت,1
يواسي,1
فانظر
,1
ودينا
,1
تباعده,1
الجوار
,1
عصفت,1
سفن,1
سفه,1
الكمل
,1
الكوثر,1
للجهل,1
ونحظى,1
التالف,1
نبي
,1
للاكوان,1
المبتغاة
,1
مذاقه,1
مذاقك,1
قصدي,1
الشمل,1
كدعواكم,1
مذاقي,1
قاصدي
,1
سماء
,1
وينهل,1
يقارف,1
محامد,1
وعسى,1
يمكر,1
كحد,1
تراها,1
وقرت,1
باشعار,1
العشي
,1
الاصر,1
تلقيها,1
يخون
,1
المراتب
,1
جاحدين,1
ظللا
,1
يوغروا,1
بالمجاهر,1
حضرا,1
صريعا,1
حضرت,1
رياحيني
,1
مبنى,1
جاروا,1
يحتسى,1
بعلمي,1
الافعال,1
سيدنا,1
تطاوعني,1
واستخير,1
وبعض,1
هبتي,1
خمسي,1
لعابد,1
مغردا
,1
ونصحي,1
فعاينت,1
بسطا,1
نارها,1
عميم
,1
جعلوا,1
الاحاد,1
تضاء,1
وغبنا
,1
اثمت
,1
الاهلة
,1
فهيموا
,1
افاضت,1
اشايرها,1
المنصور,1
ونريه,1
الاحمدي
,1
بعطرها,1
ونرزق,1
بكرمها,1
ولباسي,1
وتلبية,1
الكرم,1
بالكلمات,1
يرتجيني,1
لنجتنب,1
للاوليات,1
تربو,1
يفترش,1
يذكر,1
فردها
,1
تلين,1
وايمن,1
وضده,1
كالناعت,1
تثوبوا,1
حريا,1
ولتحاذر,1
نجيته,1
ولستم,1
يجمل,1
وضاء
,1
باقيا
,1
توليه,1
مكرمة,1
وسجدت,1
منيعة,1
سقي,1
سقى,1
الشكوى,1
الصافنات
,1
شاكرين
,1
خيفة,1
والرامي
,1
اقتضاها,1
النيران,1
بالحكيم,1
اليد,1
جيد,1
واهمين,1
بينونة,1
احديتي
,1
قدمي
,1
امارة,1
تذهب
,1
اعمارهم,1
بارفادي,1
فواح
,1
بقطرة,1
الموات
,1
تمشي,1
حناجر
,1
باسقات,1
ابرازي,1
للناس,1
المستبيحين,1
المطية
,1
برينا,1
اميطت,1
فرقية,1
هما,1
لانبت,1
كجهول,1
رعته,1
شدا
,1
حمينا,1
وايقظوا,1
نافقوا,1
ببغيتي
,1
فرفضتها,1
بنوره,1
القربى
,1
وتمطرن,1
روي,1
السبط,1
ـعليا,1
غدا
,1
ربى
,1
امينا
,1
عاينوك,1
شملنا,1
طبتم,1
لاوقر
,1
تسنيما
,1
يسالونها
,1
عجايب,1
السقايات
,1
يظلمون
,1
الروافد,1
ادهى,1
رموا,1
تمن
,1
لقاتل,1
يملن,1
لباثي,1
ارمي,1
بثوا,1
حنين
,1
فحسبي,1
موازيني
,1
فمطلق,1
فحسبك,1
منامي
,1
لقنتنا,1
وارواح,1
للسوى,1
ذمتي
,1
واحتي
,1
الواحي,1
عتقت,1
المتنطعين
,1
ومقيلة,1
لباسي,1
الوا
,1
تلظى,1
تزكية,1
لسروتي,1
وقع,1
وجمعها,1
يستقى,1
بشاير
,1
ديوانه,1
فتعجبوا,1
فانكشف,1
مخبر,1
واحفظ,1
كرامتي
,1
عابثات
,1
ارجو,1
وزينت,1
وصمت,1
وانطلقنا,1
وصالك,1
امرنا,1
القديم,1
تعطفا,1
شعبان,1
بانيتي,1
روضة,1
هباءا
,1
الاظلام
,1
قمريتي
,1
اقل,1
المحسنين
,1
ودود
,1
اللظى,1
بساطها,1
النحب,1
بقولها,1
ومضجعي,1
هاكم,1
قفارا
,1
الطالعات
,1
بسد,1
لمضيت,1
تعنو
,1
فصحى,1
يعلموا,1
تصيروا,1
غفلة
,1
يرعى,1
سجدا,1
ويداه,1
حاجة,1
نفسها
,1
تعقلون
,1
عيانا,1
حانتنا
,1
رحابه,1
يفند,1
ينشدونها
,1
فالتقى,1
ناجاه,1
وبنا,1
حفظنا,1
شكر
,1
بدعوتي,1
بموت,1
شهداء
,1
هموم,1
ظهور,1
الناعتين,1
الصفد
,1
ويكيدني
,1
زمام
,1
صلينا,1
تقولن,1
وذكرها,1
النواصي,1
حالتي,1
الشافعي,1
كالذي,1
برضانا
,1
سايبة,1
كفتي
,1
يالاهل,1
فلا
,1
تكشف,1
القوام
,1
الاجل,1
اخفي,1
طيبها,1
قراها
,1
بملايك,1
ذنبي,1
يسرى,1
حياضها,1
رابح
,1
وسرا,1
فعل
,1
وسرت,1
افطرت,1
علية
,1
حمدا,1
نفعل,1
احاطة
,1
مريدى,1
بالسين,1
اعجب
,1
وايدني,1
رتبة,1
الدبر
,1
النصح,1
الاسم,1
زنجبيل,1
وسمت,1
مزج,1
بفعلة,1
فالمحكمات,1
الابتداع,1
فيعجزها,1
مالت,1
فابي,1
محسنين,1
وتقلبت,1
امير
,1
مذموما,1
غازيا,1
اودعته,1
الظمان,1
الضاربينا
,1
واهب
,1
ملة
,1
يجاوز,1
الرياء,1
مالا,1
سليم
,1
اردنا,1
الموقرات
,1
تمخضت,1
البدوي,1
المغنيات
,1
الرياح,1
كبل,1
للسمع,1
كيا,1
تسفه,1
نزلنا,1
جاهروا,1
وتكرار
,1
بالملكية
,1
لاقتصت,1
دفين
,1
فبلبيك,1
يرتقي,1
ويتقي,1
فمشربه,1
ومويل,1
اصلاح,1
الكباير
,1
ليدريها,1
نريد,1
زوجان
,1
نديم,1
تحلى,1
تحلو,1
لقنوا,1
الموارد,1
كعبتي
,1
رمته,1
بمغلول,1
لومضة,1
اخفت,1
للاواب,1
اناوه,1
بمحمود,1
وسطية,1
وخص,1
عنايتين,1
لسانك,1
وجهتنا
,1
الهبات
,1
عبادي,1
الجبيـ,1
سنيا,1
تكريما
,1
كالعلم,1
للحب,1
اطالعها,1
تسبح,1
البريات
,1
وكلهم,1
دوحتي
,1
بريها,1
رحله,1
يزهدوا,1
بذبحها,1
مذاقتها,1
لكتاب,1
وتشهدوا,1
هلموا,1
تبيان,1
نساء,1
افاض,1
يمنحن,1
محمدا,1
بالبيان
,1
السميع,1
يالعلم,1
اممتهم,1
موت,1
قتلهن,1
اعيذك,1
موص,1
علامتي
,1
جرين,1
وتعجب,1
احترام,1
وعطايي
,1
يعتليه,1
نلقن,1
نلقي,1
تنج,1
الضياء
,1
شرقا,1
اماما
,1
نصفها
,1
تبادل,1
تضنوا
,1
لنفخة,1
اكنتها,1
فاسلموا,1
عليا,1
يرثني,1
عجيبا,1
وايقنا,1
لهول,1
وايقنت,1
يقلبنا,1
البلية
,1
جمالك,1
السين,1
فالشمس,1
عتيا
,1
فلتحكم,1
ويبيت,1
المنتهي
,1
ظهرنا,1
المتفضل
,1
وتفقهوا,1
افصح,1
وضع,1
وتتقي,1
عقدها
,1
حضيرات,1
بركنها
,1
ناقتي
,1
العظات
,1
الذوق,1
عذبوا,1
كسا,1
سناها,1
للصب,1
النوى,1
اقمنا,1
تقاذفتم,1
الاحقاد
,1
يربحونها
,1
احيانا
,1
المداين,1
ويجزل,1
سفهوا,1
الصادقون,1
مجلى,1
للعيون,1
وحادث,1
صانعه,1
ومطلع,1
للفدا
,1
الاخاء
,1
ناح,1
مصدوقة,1
بنصحي,1
يقريني
,1
ميت
,1
اظهر
,1
قدم,1
اهله,1
لسيد,1
واسمه,1
حوتني,1
مثاله,1
مثالي,1
وفخر,1
سريرتي
,1
اطفها,1
المومنون,1
بغضبتي
,1
الفقير,1
ترجوني,1
لياليه,1
حيا,1
الولد
,1
بمعاني
,1
فاننا,1
محص,1
محط,1
فحيا,1
مضنونها
,1
حير,1
والتراحم,1
محا,1
كيلي,1
الدقايق
,1
وعزم,1
ونكرع,1
ادعيه
,1
اجرت
,1
ومغبون,1
ليحيا,1
ونزهتنا,1
خبر,1
يعاد
,1
حقب,1
محرابها,1
بقايا,1
بضع,1
ونزلنا,1
مخزونها
,1
الجلي
,1
ملايكة,1
الهناء,1
البطون,1
بكربة,1
وسلموا,1
والميراث,1
بتعقل,1
تكتب
,1
زخرفا,1
غرها,1
اجمعهم,1
امامكم,1
بالتواني
,1
بعينه
,1
الطيبات
,1
هجرة
,1
دربا,1
خفيت,1
غاسقا,1
ويراح
,1
خفيا,1
غنيا,1
وللهوى,1
شكور,1
افسدوه,1
وبسطي,1
الميامين
,1
والشرب,1
ولن,1
بيان,1
والياء,1
غرسي,1
الحشر,1
غفوت,1
غفوة,1
الحظوتين,1
يشبه,1
تسامينا
,1
تشا,1
العراء,1
بهتان,1
والبصر,1
فجدي,1
نحن
,1
عداها,1
زيارتي
,1
يضنيه,1
ويشترى,1
بشربتي,1
فرايت,1
وفقه,1
الموبقات
,1
ضعيفة
,1
ربوة,1
وسمعه,1
الركبان
,1
تلكم,1
الهاء,1
عبق,1
شهدتها,1
عاهدت,1
الاحبة
,1
كيا
,1
تحكيما
,1
بالقيعان,1
خطبتها,1
والقلب,1
طعموا,1
اليثربي
,1
لالفي,1
وجهنم,1
لك
,1
بارواح,1
وسيق,1
كمين,1
ليعطي,1
الرفاعي,1
يتكبر,1
نقصان
,1
بلاد,1
وعناد
,1
بفطرة,1
المخدوم,1
الازلام,1
رقصت,1
باعصاري
,1
وشاح
,1
محبتهم,1
يرانا,1
فتنطلي,1
المحامد,1
نبغي,1
وعاث,1
نعيم,1
الكمد
,1
اجسامهم,1
السعيد,1
وقاء,1
الزيت,1
قبل
,1
يانسوا,1
وفصلها,1
رواه,1
تبخس,1
بداة,1
بدار,1
السوي,1
المصطفي,1
يجوب,1
قمتم,1
انسنا,1
الناضرات
,1
ويكفيك,1
بفوادي
,1
وحولهم,1
ويكفيه,1
اعرفه,1
بديها,1
كطالب,1
واهبه,1
رشادي
,1
وحالت,1
مدنا,1
ودع,1
كافينا
,1
لامرها,1
ونسبح,1
يشرق,1
لولاهن,1
لولاهم,1
الاولية
,1
عراجينا
,1
راها
,1
نقشتم,1
سريرتنا
,1
ايدي,1
بثها
,1
اخوة,1
اخوض,1
وانجلى,1
الاصرارا
,1
الصريم
,1
يقدمهم,1
كليل,1
ساكنا,1
وامه,1
مبطون,1
وابقى,1
غياث,1
بنصيحتي
,1
كالعابد,1
باي,1
الشرف,1
لوحها
,1
عجايبي,1
مزاج,1
ونحسبه,1
بذكره,1
غضبتي,1
المثل
,1
شناءة,1
اغرق,1
البحار
,1
تاولتم,1
نجدها,1
ترعى,1
واحفظه,1
والاحقاب
,1
حاروا
,1
والسن,1
للذكر,1
بديه
,1
وانى,1
يروي,1
غدوا,1
سفورا
,1
الغم,1
وليعلم,1
بعدي,1
فرقتها,1
ناظرة,1
تنام
,1
الاغوار,1
حجه,1
طيبات,1
والوجدان
,1
نايل,1
نايم,1
طمانيناتهم,1
تظفر
,1
وجلت,1
شقت,1
تجود
,1
كاسرة,1
بذيء,1
الصلاة
,1
حاشاه
,1
قرونها
,1
لعطشى,1
مستقر
,1
عظايم,1
والكتم
,1
الحجتين,1
قصادي,1
بسقم,1
بقاتل,1
زكاتهم,1
فهم,1
اليزيد
,1
بيمينه,1
وحراء
,1
بثاير
,1
تغنيه,1
اساءة,1
سهام
,1
جاءنا,1
حدها,1
اشرت,1
ودعاوى,1
زادهم,1
واكتفيتم,1
والمغيرات,1
سبحات,1
فقيل,1
الحاني,1
وبصيرة,1
انخت,1
وحدها,1
غربت,1
بجرابها
,1
مورودي,1
مراتب,1
ادلتي
,1
فلق,1
يكبل,1
بقلبه
,1
ابناوه,1
نوحا,1
يمقتونها
,1
ولتعلموا,1
مسلمين
,1
تنهلوا,1
يجيب,1
بقيتي
,1
واسجد
,1
بهدايتي
,1
نلت,1
البيوت,1
المفر
,1
يقيم,1
يتبعني,1
الهماز,1
ءانك,1
حسنها,1
قانط,1
مرفوضة,1
يلقن,1
معادي
,1
الباقيات,1
لسر,1
مالي,1
فاعقلوا,1
يجيبني
,1
وبعضي,1
احجار
,1
حوضي,1
غيريهما,1
جامعا,1
يمالوه,1
شيا
,1
ذمت,1
يوميذ,1
فالنبيون,1
الاغيارا
,1
يعجب,1
ذاكرها,1
خشعا,1
للصحو,1
مكروب,1
والاسرار,1
الايتام,1
دقت
,1
والتبصير
,1
للظالمين,1
بمكنون,1
معنت
,1
وعصبتي
,1
وقلب,1
بنسبتي
,1
وقربه,1
تذق,1
سطور,1
ثانيا
,1
فلهم,1
ظننتم,1
تلاقينا
,1
حضرتنا,1
عظيمة,1
ووشوا,1
لحماها,1
يريبني
,1
تاتيني
,1
اكرم,1
والفحشاء
,1
يعيبني
,1
خليلا
,1
يخطب,1
وبيلا
,1
وصورة
,1
جاهر,1
اورثت,1
ناضح,1
فاجتازها,1
الانبياء
,1
الظل,1
ثنتان,1
تدانيه,1
تحملنا,1
اسماعي,1
ضلت
,1
ميكال,1
طابت,1
مفترى,1
واهلي,1
باطمينان
,1
فرحة,1
لسمانا
,1
توتيه,1
تزل,1
الحظية
,1
الاشارة
,1
يسلم,1
الذكية
,1
وبعلمه,1
مامورة,1
باياتي,1
بتول,1
بالنور,1
بخلعها,1
وتجلت
,1
ابناها,1
فعليه,1
يرجوهن,1
شربا,1
الانساب
,1
والنوايا,1
عجاب,1
عقل,1
وبيته,1
الاسماء,1
يرده,1
وعيتم,1
شيمي,1
ظنها,1
القدم,1
وبيضاء,1
فامنن,1
مناسكي
,1
مبطونة,1
رانيا
,1
روضتي,1
جفاني,1
يفنيني
,1
لرقوته,1
كربة,1
لخلقه,1
شيخك,1
النفع,1
الاجابة,1
مرابض,1
الادانة
,1
قطاعها,1
النفس,1
خصته,1
بالعظيمة,1
مراتبنا,1
سارب
,1
انفقت,1
العاملين
,1
نضيد
,1
الد,1
الاعطاء
,1
فالقمني,1
ابغيها,1
اتقاء,1
وادمع,1
والحين
,1
تشفعت,1
الاصوب
,1
الاوليـ,1
الاولين,1
سمعت,1
والديار,1
جنحوا,1
ساغب
,1
وترى,1
حصاد
,1
ممدودا,1
لغيبنا,1
ياتني,1
عثراته
,1
ولعله,1
قدمت,1
مرايينا
,1
كيوم,1
ونشرب,1
اتبعه,1
الضيف,1
روحا,1
بالبنان,1
الشاربين,1
الايي
,1
وبث,1
سيبت,1
المسافر
,1
لمتونها
,1
سيدي
,1
احمديا,1
ومكتي,1
بهمتي
,1
تجادل,1
ساء,1
بنظرة,1
بالتقوى,1
يصفونها
,1
قلتم,1
الخبير,1
والستر,1
بلسانيه,1
الازفر
,1
الطلية
,1
ولسنا,1
مستطاعا,1
بالصمت,1
والوصل,1
عظام,1
سماءا
,1
والوصف,1
كتبناها,1
الخيرات
,1
اتونها
,1
وحاسب
,1
ـلى,1
مواخر
,1
فبلا,1
وقباب
,1
التشبيه,1
ينمو
,1
اورثته,1
تسمعني,1
العزيمة,1
تنمحي,1
النار
,1
اسكرتنا,1
اللايي
,1
علهم,1
عنايتي,1
متصل,1
فانتصر
,1
واملك,1
غيوبنا,1
عجزتم,1
اصطحاب,1
وراء,1
وراح,1
وعاتيتي,1
كواكب,1
بظهور,1
يسقيهم,1
يوويني
,1
جهزت,1
شادي
,1
بالهدى,1
مادحات,1
تملوها,1
والطلع,1
ومغربا,1
الافنان
,1
الجنية
,1
فالعتاب,1
والقراين,1
حنيا
,1
يعطه,1
اخذنا,1
هي
,1
اوردناه,1
دستوركم,1
الخفاة
,1
القاصرات
,1
للذين,1
لافنت,1
ربت,1
بالخليل,1
الارحام
,1
رخاها
,1
بالحين
,1
يرعاه
,1
الطالب
,1
المجد,1
ففييوا,1
مكنوناتها,1
وحال,1
ثاني
,1
الفا,1
تادب
,1
الفت,1
وطريد,1
كمالاتي,1
وعاينت,1
اكنى,1
اكني,1
كونوا,1
الغاضب
,1
جبلا,1
تخمين
,1
اها,1
يجتنى,1
اطلعتنا,1
زوال,1
بانايها,1
تادب,1
متحدثا,1
دعاهم,1
شكر,1
صيرته,1
الناثر
,1
انتهيت
,1
تعدى
,1
منهله,1
وانفخ,1
طالعت,1
حبيستي
,1
يقصر,1
البشر,1
جملتنا
,1
مدادي
,1
فخاب,1
يقصد,1
وجميل,1
النسيم
,1
تخوطبت,1
خشينا,1
لعهود,1
المثاني
,1
كالحواريين,1
هولاء,1
وتسفر,1
فقدوتي,1
علاي,1
اغاثتي
,1
والاسلام,1
قاتل,1
تردت
,1
اصنافا
,1
يفشينا
,1
والاسما,1
والسين,1
خسر,1
والسخاء,1
انثناء
,1
للمهيمن,1
انتهاها
,1
سيادتي
,1
لشرابنا,1
احادها,1
دركها
,1
شانها,1
اشفي,1
فواتهم,1
نصاب,1
اوصافه,1
وانتهى
,1
علاتها,1
وينفع,1
مهتد,1
وكفاه,1
فامري,1
تعهدتاني,1
والذكر,1
مدحوا,1
ارفادي
,1
النضارة
,1
فانكم,1
اطفي,1
عجبنا,1
وجبت,1
وترنموا
,1
الغرابة,1
نصابهم,1
شذيا
,1
يزيد
,1
وادركنا,1
تقبلوا,1
وكنت,1
تحيدوا
,1
البرهاني
,1
للشهادة
,1
وزاد,1
معوزا,1
وسامي
,1
بتوبة,1
اجمالا,1
يسمو
,1
ايمان,1
لعلومنا,1
ترهب,1
وبيعت,1
يذكروا,1
ادغام
,1
المحتظر
,1
جذها
,1
مبطل,1
ووصال,1
والكافي,1
مبرما,1
بشهادة,1
الالمام
,1
تشفع,1
غفير
,1
مكفهر
,1
الاجال,1
لتسعدها,1
القوس,1
سينا
,1
فاياك,1
نوجلكم,1
مدامتي
,1
العبرات
,1
الاعاجم,1
بعير,1
تحتذى,1
بمقلتي
,1
اشرت
,1
لاحترف,1
كالغزاة
,1
ستوره,1
بسطت,1
جنايتها,1
المتاع,1
ومنبرا,1
ويسمعني,1
علتهم,1
كتيم
,1
اخباري
,1
رقيقة
,1
تسالني,1
السفن,1
الجوامع,1
بساط,1
وافاض,1
والفواد,1
فانظروها,1
الوالدات,1
روادي
,1
فعسى,1
قطعناه,1
لنحمل,1
انتظار
,1
نجاح,1
ليا
,1
قيوم,1
ومرامي
,1
القصواء,1
يجافيني
,1
مستغفرين
,1
تقروا,1
شهدتها
,1
الولدان,1
اقمارا,1
تنبت
,1
باعتاب,1
وصالكم,1
اقتفاءا
,1
جناحيه,1
واطراء,1
شارب,1
يولينا
,1
بالماء,1
لقلنا,1
استخلفته,1
امد,1
لعاشق,1
السامري
,1
تذكر,1
الطباق,1
فاغطش,1
فاسالوه,1
يستلهم,1
حبلا,1
هواءا
,1
بالعواء,1
تهيا,1
اهوت
,1
العنايات
,1
بنشوة,1
ويابى,1
القفار
,1
تينوا
,1
ولوجي,1
تبنى,1
تحت
,1
فتقنت
,1
بالارزاق,1
واثرتاني,1
اطلعنا,1
فتهيا
,1
تفوح,1
قدرت,1
حواري,1
والضر,1
المجيد
,1
الفتح,1
ممكن,1
حسبكم,1
وصدق,1
خاطبت,1
علاه,1
بروع,1
المجيء,1
وللاواب,1
كالسرية
,1
بحينا,1
يعطون,1
الاولي
,1
معبودي,1
يجدي
,1
مثلا,1
وفهم
,1
ويومها,1
والسرور,1
اثناه
,1
وطلع,1
تنطمس,1
اقوياء,1
ظاهرينا
,1
تنفل,1
كساها
,1
السوابق,1
تلقن,1
معسرة,1
العشار
,1
يدعيه,1
وحبال
,1
وصمتي,1
الضعيف,1
نحصي,1
فرحته,1
تلثم
,1
غيوبها,1
فخضتم,1
ليشاقق
,1
مراته
,1
وابدله,1
غناي,1
مشاهد
,1
وثيقة,1
تشاهد,1
روايات,1
المبين
,1
الجوار,1
سعيت
,1
فجهل,1
بعضي,1
ومدارها,1
نفسه
,1
تعظيمها,1
ويخلد
,1
نخفي,1
ناضح
,1
وسعيت,1
بالنسيان
,1
بانك,1
كنايتي
,1
ويالها,1
تصافحوا,1
والافك,1
بردتي,1
ويحجب,1
الاغلب
,1
قسطاس,1
فوصلي,1
رواسخ,1
نصيبها,1
تملوا,1
سهلا,1
بريت
,1
ديار,1
تقتفوهم,1
تراعينا
,1
ايابي,1
فرحمة,1
امدك,1
لكنا,1
اغاثتنا
,1
ويمنحنا,1
اقسمت,1
سولي,1
بدءها
,1
والمحراب
,1
شاهق,1
فللتجلي,1
القصايد
,1
فقيسوا,1
الضعفاء,1
الواصفين,1
كعبتنا
,1
احاديث,1
سطوتنا
,1
ولدت
,1
حافظكم,1
انس,1
الخبي,1
بمنسوب,1
هندي
,1
بالفنا,1
امنن,1
اراهم,1
منعم,1
الترب,1
ولغيرنا,1
غلابا,1
احراقها,1
يدانيه,1
حسنى,1
تفرق,1
حسنه,1
صفدت,1
وحبانا,1
فالمعطون,1
عصري,1
الارامل,1
الايامى,1
وسادتهم,1
ونزهنا,1
فالالى,1
للاقتدا
,1
ومناقبي
,1
المرامي
,1
نعمي
,1
الازمان,1
البعث,1
التسافر,1
قصيدتي
,1
يتعامى,1
واصطبر
,1
قلبك,1
وبغير,1
خصتي,1
نصحت
,1
الصايب
,1
بافلاك,1
جهدنا,1
فاشهدوا,1
اثنى
,1
فلتهناوا,1
بناها
,1
ونكير
,1
فبدا,1
مامور,1
جودنا,1
شاكر,1
تنتفع,1
لبست,1
نقصت
,1
المتقيـ,1
للشهادة,1
اكلها,1
والنار,1
عطاوكم,1
فرتلوا,1
امثالها,1
يرفع,1
فالثبات
,1
غيبية,1
جاءوا,1
منشيها,1
الموله
,1
الاغراب
,1
اشراقه,1
ومحلقين,1
لساني
,1
الحامدين,1
فلقد,1
كالبدور,1
افصحت,1
مقالي
,1
تشجيه,1
بنورهم,1
بحايك
,1
حواك,1
دورا
,1
يرميه,1
تربص,1
الفلك,1
تربة,1
واغثتهم,1
منهاجا,1
بدونها
,1
بالصلات
,1
لوقوفها,1
عبارات,1
فضله
,1
احلوا,1
بجنتي
,1
بلغو,1
وتستكبر,1
يكابر,1
الاكمل
,1
والاوليات,1
منيرات
,1
فالخز,1
المسالك
,1
يكابد,1
واعتنق,1
المدينة,1
تتوارى,1
ركبي,1
ورضوان,1
والمكمل,1
ماواه,1
تقدح,1
رباه
,1
تحنث,1
الشغاف,1
ذاقه,1
وقدموا,1
مامولا,1
سواء,1
نظم,1
بجدبة,1
وثنتان,1
تتدارسوا,1
والانا,1
كني,1
البرد,1
البرء,1
هجاكم,1
انتهاء
,1
بوات,1
يسدي
,1
هدايتنا
,1
بحكمة,1
يبسر,1
واستعداد
,1
سبيله,1
سودت,1
وذاقه,1
مختوما,1
المستقر
,1
بزخرفه,1
العابدين,1
ويرجو,1
اللطيف,1
الذياب,1
غراما,1
تركنوا,1
اطعمت,1
مقصود,1
صاير
,1
يطوى,1
صافح
,1
واسال,1
وزيدت,1
انواري
,1
ابوابا,1
تكرمة,1
الصماء
,1
ومضة,1
قذية
,1
وبداتها,1
دعاتها,1
عيون
,1
تشكرون,1
مخمد
,1
بباها
,1
فاونة,1
قرار,1
تعلمون,1
غيبوا,1
وحزنا,1
والعذب,1
شعيب,1
الكشف,1
بحسامي
,1
عشى,1
السوار
,1
مويدا,1
قرات,1
مطلع,1
هاء,1
المغنم
,1
الصالحيـ,1
ويمنحه,1
يسمى,1
فعله,1
نرضى,1
واصمت,1
التقينا,1
زور,1
ومدينتي,1
بالاحباب,1
والامهات,1
فرمى,1
استطاعة,1
محيطة
,1
حكى,1
ولنهج,1
بذاته
,1
ضويها,1
يركض,1
ياكل,1
فانزله,1
بارق,1
بنيه,1
الخوالي,1
تهتز,1
تكفيرنا,1
الخوالف,1
بتنفس,1
حلفت
,1
فضله,1
سافر
,1
كمل
,1
باطلاق,1
فعند,1
نالت,1
رفدا
,1
لبيت
,1
غرار,1
الذاكريـ,1
طرقتم,1
الذاكرين,1
للشهود,1
نحبوه,1
النهاية
,1
والمقتدا
,1
النهار,1
حاضر
,1
رضاعة,1
صعبا
,1
بنية
,1
فاتقونا
,1
المظنة
,1
ووسيلتي
,1
ادلة,1
وديار,1
الحفظ,1
ونحري,1
سرها
,1
ايمتنا
,1
دايما,1
مبتهجا,1
الناسخات
,1
النازعات,1
بمعلوم,1
الجديد
,1
عطايا,1
ويد
,1
ومايز,1
ربوع,1
يضاء
,1
السجاد
,1
بامننا,1
قوسها,1
نهار,1
المشتكى,1
واقامة,1
حمايتنا
,1
الرواسي,1
اولها,1
والوجه,1
مثواها,1
كشفا,1
مبتدانا
,1
الساجدات
,1
يتعالى,1
حليم,1
اربه,1
يوفى,1
الاذقان
,1
كهف,1
وقفينا,1
كهل,1
اثرهم,1
للطايفين,1
الحسنان
,1
مرمى,1
مانعات,1
واقنى
,1
العطية,1
وعلمها,1
خزاينها,1
السكينة,1
المضاءة,1
شاهدتك,1
يقتروا,1
الاقدام,1
فامتثال,1
والهوية,1
قصير,1
مدي
,1
رحيقي,1
نبتي,1
تنقشونها
,1
لصحبتنا
,1
الاوصاف
,1
الشتات,1
بالامثال,1
وتعطف,1
عادلينا
,1
وافته,1
الحبل,1
تصطفيه
,1
ذكية
,1
جودها,1
يناى,1
وعيد
,1
هواء
,1
فوايدي
,1
طبنا,1
الكثيب,1
تحكم,1
ينتشي,1
الكلم
,1
يوفيني
,1
يتم,1
تجافيني
,1
وعندي,1
والياءات,1
النعي,1
ويرفع,1
مكسورا,1
الصب,1
اخاف,1
احصلها,1
سمات
,1
وميض,1
النخل,1
هودها,1
بالهوى,1
طعمتي
,1
مريـ,1
اتساع,1
وانها
,1
جان,1
جاه,1
وانين
,1
دعني,1
يسود,1
يرى
,1
لغا,1
سادوا,1
الطافا
,1
لامني,1
اضاف
,1
اعطوا,1
وانتشار
,1
ظهورها,1
وراثتنا
,1
عقيم
,1
فطمنا,1
قربا
,1
وسخايي
,1
قسوتم,1
ثناء,1
احتجابي,1
وزيرا
,1
جفونها
,1
المرادات
,1
وجدناها,1
ملامة,1
العليا,1
جاءت,1
خلية
,1
جناب,1
مباح
,1
واوبار
,1
الفافا
,1
فحوضي,1
فقير
,1
صرفه
,1
جودا,1
والقديم,1
فغيبنا,1
لسوف,1
وباء,1
السفهاء
,1
حميم,1
حميل,1
عاقل,1
مرد
,1
رجعتم,1
يخوض,1
وجناب
,1
فغرسي,1
سقتهم,1
والفينا,1
لجمعكم,1
مكين
,1
يعلمه,1
يعلمك,1
الامثال
,1
منشيني,1
النفحة,1
ممكنا,1
واخرهم,1
كانني,1
تكمن,1
الشاكرين,1
امام
,1
يقرب,1
لدارها,1
المولود,1
وتفياوا,1
الاكف,1
ـميقات,1
سميـ,1
ينفعني,1
يعدل,1
العطية
,1
السنية
,1
لذكر,1
حالكه,1
بيعت,1
للديار,1
نديا
,1
بالرضا,1
مرتقى,1
تعرفوهم,1
شفعاء
,1
اتغنى,1
حقايقا,1
خصنيه,1
اخذا,1
لترحم,1
طبع,1
لشاهد,1
واين
,1
اطالت,1
اعددها,1
المشهود,1
الحظاير,1
الظاعنون,1
عازل,1
مشهودة,1
لعلمنا,1
الحافظات
,1
ترضوا,1
مخلفا,1
بالاركان,1
لباغي,1
روى,1
والنبوية
,1
وبالضلالة,1
شغلا,1
لامركم,1
امرتي
,1
عنيت,1
ويحفظها,1
نظرتي
,1
كنار,1
تواصيتم,1
زينا,1
قتلت,1
نلنا,1
الوشاة
,1
ويرقب,1
اصطفانا
,1
الردى
,1
اذنا
,1
ندا,1
فضولها,1
رضينا
,1
يسمعون,1
يشتهي
,1
مفتاح
,1
ونديمنا,1
زاديتي
,1
لامع,1
الاحسنين,1
بالايقان
,1
واد,1
الاكابر,1
المتصدق,1
قبلت,1
المستقدميـ,1
قياد,1
دنوا,1
لبسته,1
قبلا,1
واذعان,1
يعني,1
وفوا,1
الجد,1
وادخل,1
مراتبه,1
خلقت,1
والساقي,1
نحرها,1
كالتي,1
الاستارا
,1
لتمثيلها,1
الروف,1
تدعو,1
تسالون
,1
تقتفون
,1
ولعلها,1
كلنا,1
رموزا,1
سقيتي
,1
قاصدي,1
تعمر,1
نشور,1
اراني,1
باتحاد,1
للقوافي,1
كلاهما,1
شقاوتهم,1
ذمتنا,1
تحرمون
,1
قبح,1
الطريقة
,1
يوارى,1
رقايقها,1
المنية,1
غرتكم,1
محال
,1
فادلى,1
صبابتي
,1
بطول,1
الرضية
,1
فارتقبهم,1
اصطفيناه,1
وهديت,1
عاينوه,1
للراغب
,1
فهمه,1
هدمت,1
كشراب,1
المنتدا
,1
تغرنكم,1
العروج,1
مدارك
,1
واحديته,1
سنة
,1
قيلا
,1
المحنا
,1
والغير,1
وتجمعوا,1
الاءنا,1
زمن,1
ارضكم,1
قواما
,1
المستقبل
,1
بالابدان
,1
شافعي,1
طرايقها,1
نعيما,1
الاركان
,1
ومسموع,1
تنجي,1
وسلامكم,1
غبي,1
العاني
,1
غبن,1
العمية
,1
باقطار,1
المسنون,1
العضيدة
,1
النجي
,1
مزود,1
ارى
,1
ليهنا,1
المشاهد
,1
ذات
,1
سكت,1
المستعان,1
نحكم,1
كاوهام,1
والامداد,1
فبالصفح,1
نفعها,1
منظوما,1
ورشفة,1
والانصاب
,1
شراعك
,1
ياثموا,1
لغيب,1
قارفتموها,1
القوها,1
فالورى,1
نحر,1
خصام
,1
جيتكم,1
لغير,1
بساحتي,1
صبري,1
رقاع
,1
المسلوك,1
خال,1
العونين,1
خاو,1
حباه,1
وتولت
,1
وتنايي
,1
تفضلا,1
نابعا,1
تاليف,1
الفطام,1
والانعات,1
عاجز,1
ماثور,1
قصدنا
,1
الاوقات,1
هويتي
,1
وكتاب
,1
افتراء,1
قرت
,1
عشاقها,1
زيلت,1
صان,1
صام,1
للحشا,1
سرمدا,1
ببطونه,1
وصرحي,1
صفراء,1
اجابة,1
الفيافي,1
للملك,1
حبيناه,1
ومساجد,1
ميل,1
نقيرا
,1
الاحوال
,1
الحر,1
المقدم,1
بصيرتنا
,1
مشرب
,1
مغرضين
,1
برقادك
,1
يرقد
,1
دينا
,1
سييت,1
والعجم
,1
سييا,1
فاتصلنا,1
مقبول,1
فقيرا
,1
شهدناهن,1
الاشواق,1
مسد
,1
يخبرنا,1
امواج,1
واياكم,1
نقيا
,1
ويسمعه,1
الصادقين
,1
بالشهيد,1
دققوا,1
اخفيت,1
مشيية,1
المقبل,1
صعب,1
مسكهن,1
هجرة,1
ثمار,1
منقعر
,1
تعامى,1
ربهم,1
هجرا,1
الضعف,1
تغشيتها,1
نعبد,1
برزخ,1
تساول,1
والتقى,1
وسادت,1
وسادة,1
ساعدي
,1
والبغي,1
فكالظلم
,1
والاعجاز,1
ساترا,1
وعباءتي
,1
والمثاني,1
المساجد
,1
المقامات,1
فانتبهنا,1
يخزى,1
يعظمها,1
غوث,1
يشتكي,1
كانه,1
نثني,1
ختامه,1
مخامر,1
عناه,1
مركبي,1
عناق,1
هدايتنا,1
اوصلت,1
تخيروا,1
فليعجبوا
,1
جبال
,1
الحضيرة,1
الشقي
,1
الهموم,1
مثيل,1
حباتها,1
وباطن,1
وباطل,1
لشرابها
,1
نصبا,1
انحو,1
توجر,1
راموا,1
21-اياك,1
الصلوات
,1
ولواحظ,1
محفوفا,1
اخرا,1
كامن,1
فوادك,1
فوادي,1
بالخصاصة,1
مكنوزا,1
بفنونها
,1
يحرم,1
بروجها,1
المبين,1
والحد,1
المبيـ,1
طرا,1
القدم
,1
الاسماع
,1
الساعي,1
يبث,1
فلن,1
سند,1
وتخلل,1
بغيث,1
وجف,1
وجن,1
يرام,1
يراه,1
عطاءه,1
المسمى,1
تجنبوا,1
شبيه,1
الست
,1
تتم,1
ادركوا,1
وكريما,1
بابه,1
قرت,1
ارتوينا,1
قرة,1
لاسراري
,1
سوادي
,1
المسعى,1
خلقنا,1
يشي,1
ستورا
,1
العليم
,1
مسكني,1
غيظه
,1
تجريان
,1
اتذكر,1
زيتونة,1
اعقابهم,1
بحسنه,1
اطلاق,1
وقلبك,1
يقع,1
طرفه,1
دنيتكم,1
علمتنا,1
اغتراف,1
وساء,1
والاصحاح
,1
المانحين
,1
فقرة,1
تلبسونها
,1
ثغورا
,1
عوج,1
بريبة
,1
المندم
,1
خصلتي
,1
روايتنا
,1
نشوتي
,1
الجنان,1
عوض,1
ريحانتي,1
لانفسهم,1
خايف,1
متهمي
,1
تسابقي
,1
حكما,1
شاربا,1
حكمت,1
شريعتنا
,1
سطورها,1
رحال,1
فديدن,1
شهيدا,1
بسمة,1
استارا,1
والرمز,1
وهم
,1
منابعه,1
فيبصر,1
عظمت,1
للجمال,1
جثيا
,1
دمع,1
الفتات
,1
انعات
,1
ورزق,1
دمت,1
الخاسيين,1
مهموما,1
تعرفت,1
بساحة,1
وشافعي,1
ملوها,1
الشافعي
,1
نقصها
,1
تبدل,1
الثقلين,1
حملا,1
اصابت,1
تعرفينني,1
تنجلي,1
فنوال
,1
تجالس,1
وحي,1
بعيني,1
الانفال,1
سراير,1
استخلافا
,1
الضواحك,1
ابلج,1
ويلبسه,1
باهواء,1
وعدلا,1
نافعا,1
للفتي
,1
تنفع,1
جلد,1
بتكفير,1
منذ,1
داودنا,1
فالزهد,1
غيا
,1
والمطايا,1
ترونه,1
فيم,1
اوفى,1
رعيت,1
يقدم,1
ازواج,1
ذمتي,1
ماجت,1
تعاطى,1
نكر
,1
التبذير,1
يعييني
,1
قلناه,1
تصافحوا
,1
تصافحتم,1
تقيا
,1
والتفريد,1
دولتي
,1
السنيـ,1
لالتحف,1
فالرواة
,1
عماء,1
شاءوا,1
وفضله,1
بالامر,1
طاهر
,1
ووصيت,1
لدنا,1
فاغشانا,1
وردي
,1
فانفخ,1
للعزيز,1
مرسلاتي
,1
افلو,1
يعييه,1
احصيت,1
مجتبى,1
الايه,1
فراداها,1
ثناءا,1
معصمي,1
خزاينه,1
تعالوا,1
بالتاييد,1
نطقت
,1
لحكمة,1
تاذى,1
صلوا,1
للواصلين
,1
المتيـ,1
المكايد
,1
اهواء,1
بالري,1
الانا,1
تعد
,1
اقسط,1
تثبت,1
جيلاني,1
تهتكوا,1
صبرا,1
الاهلة,1
مالك
,1
ليشهد,1
فاتح
,1
ممعن,1
ترغيب
,1
اسديت,1
مصلى,1
تحولهم,1
تماروا
,1
بذرت,1
شهدها,1
بالاشارة
,1
خاضوا,1
فنا,1
مناجاة,1
القانتات
,1
انجم,1
منشينا
,1
والنهاية,1
تحمله,1
الملوك,1
للسالكين,1
بالسوية
,1
رفاعي,1
تبيعتهم,1
هجرته,1
تاركين,1
الايتاء
,1
يقذي,1
وكنتم,1
بحره,1
يقود,1
جلية
,1
تقاسمتاني,1
فاستقم,1
المورد
,1
فقابض,1
اكاذيب,1
بغيا
,1
صفوحا,1
تقربني,1
فضاح
,1
السالكون,1
قاتلت,1
زعمت,1
اخر
,1
المضمون,1
اسحاق,1
المسك,1
المقصد
,1
وتيـ,1
والجهل,1
حقيقتنا
,1
والخسار,1
كاميني,1
الدارين,1
مدثرا
,1
سجونها
,1
متاعي,1
والمواهب
,1
باع
,1
بسماتي
,1
البرهان,1
تراب,1
اجيبوا,1
للوجه,1
والاروام
,1
بثان
,1
اجرا,1
قومها
,1
الفرات
,1
التاييد,1
بالتدبر,1
مثلها,1
لعبت,1
عديم,1
النسيب,1
ويالطيب,1
سديدات,1
وطول,1
ومعدن,1
فنومي,1
دبر,1
لتهديكم,1
فسلم,1
شمسه,1
استطعت,1
فالغيب,1
فالغيث,1
ارتجي,1
والسبيل,1
فننهل,1
سفنا
,1
اصحابها,1
عشاقنا,1
ويحمل,1
رمناه,1
سرهن,1
والنصيحة,1
والكتاب,1
والمعلوم,1
بايمة,1
صغايرا,1
وها,1
شبهة,1
مضنى,1
الزمن,1
فناظم,1
وعزة
,1
بحضرتي
,1
هدي
,1
المستجار,1
مكابد
,1
تقلب
,1
عبدي,1
وازنيـ,1
جفاه,1
عبده,1
تعملوا,1
ادبا,1
علنا,1
كغثاء,1
الانطواء
,1
ونذيقه,1
عروبتي
,1
بالدنية,1
جنحتم,1
وشهادة,1
مرجاني
,1
وينعم,1
مذمومة,1
بمغترف,1
واحذر,1
جعلتها,1
التعريب
,1
للعطايا,1
هامة,1
النهاية,1
باصرار
,1
فتدارسوها,1
يغم
,1
مسجدي
,1
النجاة
,1
بعطفها,1
الصفي,1
عرشها
,1
وصال,1
يدوم,1
لين,1
البوح,1
فنجبره,1
تهرول,1
ليبقى,1
ووسيلة,1
طينة
,1
يستمطر,1
مضاهاتي,1
متحرفا,1
لحصن,1
بالتي,1
وعنايتاها,1
بلايي
,1
ليرضيني
,1
اللغو,1
طفق,1
والباء,1
حصنا,1
للسحب,1
يتقي,1
كمنزلة,1
ويباع
,1
سنونها
,1
السلامة,1
اذكركم,1
غيرهن,1
وللاحباب,1
افرحت,1
كيده,1
للانام,1
ابتغينا,1
لعطاء,1
ضرها,1
السيدان,1
مهج,1
والسقاية,1
مهد,1
رحمي
,1
مهر,1
كنانتي,1
زلاتهم,1
ورقية
,1
وكفه,1
تلاقيكم,1
السعود
,1
كساقة,1
بقاوه,1
غاضبا,1
اصرارا,1
بالبها,1
ابوه,1
مجبر,1
تحزن,1
معنعنا,1
قولها
,1
مبديها,1
مننا
,1
افساد,1
والخمر,1
وغبن
,1
فالدنيا,1
هزوت,1
والوضع,1
تاخينا
,1
ميثاق,1
حسرة,1
جافى,1
كلماتي,1
حاجب
,1
كالسين
,1
سرمدا
,1
والعباد,1
كالفلك,1
واشاحوا
,1
والمعبود,1
حصل,1
سطروا,1
خصالي,1
ردت,1
الكليم
,1
هزوت
,1
الالفاظ,1
مترنما,1
الجنتين,1
القاطعين,1
والدعاء
,1
يهون
,1
معينه,1
الغمار
,1
زهرتي
,1
اصفح,1
وعبده,1
وامر
,1
الافتاء
,1
اللواقح
,1
والندى,1
سخرتم,1
القلى,1
القلم,1
كالجياد,1
وراقا,1
تغشينا,1
نظر
,1
غلبت,1
ليجعل,1
مثلاتي
,1
بغورك,1
ظموا
,1
الظما,1
يسلمكم,1
لعلوه,1
رنا,1
صرن,1
اصطفاها
,1
معاليها,1
فيكدي
,1
بالسهم,1
فتدلت,1
تقصدون,1
الخلايع,1
راج,1
راح,1
مرادكم,1
الترتيب,1
بالجماعة,1
اقتت,1
اسلموا,1
فالبواطن,1
الاكرام,1
فمالت,1
ترجو,1
المهدية
,1
حشاها
,1
شقاق,1
قرارها,1
زيد,1
وتبتل,1
الطاهرات
,1
رءوسهم,1
الاخفاء,1
اماطة
,1
وذموا
,1
المتسكعين
,1
وستشهد,1
بسرابها
,1
شربته,1
اتمه,1
نعمت,1
العنت,1
يسلموا
,1
جيدك,1
عداوتي
,1
والبها
,1
مشوقا,1
للنجم,1
بسم,1
امر
,1
خالصا,1
متبع,1
بعدكم,1
وقايتي
,1
فتجنبوا,1
رميتي
,1
الزلل
,1
لمكدود,1
امرت,1
والزاد
,1
قريبا,1
ومقامه,1
امرا,1
طلعتنا
,1
فاطلقوها,1
رمزت
,1
مورثا,1
فاجتناء,1
بدين,1
غالب,1
لسلمها,1
جزيلا,1
كابراهيم,1
غيهبه,1
محتواها
,1
يبشر,1
اسماوها,1
احبتي
,1
مبتاع,1
سبعة,1
ومعتقد,1
اصطفيته,1
حنوت,1
امواجها,1
تطيب,1
شمالا,1
يرتد,1
وصليت,1
ودناني
,1
النقم
,1
الزيت
,1
يزور,1
افضنا,1
النقصان,1
المقيد,1
التنزل,1
وبهتان,1
يهوى,1
كالبيوت,1
القريب,1
الصاع
,1
وداعة,1
صواع
,1
بكيا
,1
الرعاء
,1
لراي,1
السفيه,1
العرض,1
ملكت,1
ايتايي
,1
دعاء,1
الناصر,1
تقصير
,1
ودادي
,1
وفيت
,1
القنه,1
الوصايا,1
الكرسي,1
للحبيب,1
ارايكها,1
ترحل,1
ولتعلنوا,1
بنيت
,1
الوديان
,1
ينجهم,1
وافى,1
معلمنا,1
المغرقين
,1
ضروب,1
القاصر
,1
حبستم,1
يحصها,1
المعظم,1
وعدنا,1
فتاته
,1
بالمحاسن,1
انتسابي
,1
الاثمين
,1
يومض,1
فينفحنا,1
المحسنيـ,1
اقذفها,1
فاشهدوني,1
بالمودة,1
ينشدون,1
وكرم
,1
مجنون,1
بساطي,1
بالتبعية
,1
كفاه,1
لسترها
,1
بكماله,1
يسر,1
فتوى,1
افردته,1
يسود
,1
ربكم,1
ايامي
,1
تعزب
,1
يمينك,1
ونونا
,1
النيي
,1
ترغيم,1
اصيل,1
اسراري
,1
نثرت
,1
تمكين
,1
وغيرك,1
مجملا,1
كشفت,1
ضاقت,1
حضور,1
مرغم
,1
ومالي,1
النجوى,1
ومالك,1
تعظيم,1
والعبقري,1
كفنا,1
واوصاف,1
فهولاء,1
ارحامي
,1
ادق,1
كال,1
عداء,1
حلوها
,1
واقوالي,1
فكن,1
فليتكم,1
الحجامة
,1
يضن
,1
ويصغر,1
الاوهام
,1
فمغرب,1
صدقا,1
اهي,1
الروابي
,1
فاعلين,1
صرعى,1
موقرا
,1
كثيرا
,1
حدها
,1
اجبنا,1
الالهيين,1
وكتاب,1
امتي
,1
الوضاعة
,1
طينتي
,1
والحقناك,1
الدهاق,1
اشقاهم,1
كاذبا,1
حساب
,1
يطهره,1
يبدي
,1
الخميدة,1
منيتي
,1
نود,1
يعشقها,1
طلب,1
وتوجسوا,1
ويوجر,1
غرايبا,1
وصلت
,1
العبودة
,1
ورافة
,1
البسها,1
رفقا,1
عزايمي,1
والقاطعات,1
لهراء
,1
الجمعان
,1
تكيل,1
يجهلها,1
ريحها,1
والتصدق,1
لغوب,1
تنازع,1
وعطاء,1
ثناكم,1
يضحي,1
رحالي
,1
فمنهلكم,1
محمود,1
تصفى,1
لامتنا
,1
فمرجعه,1
الحقايق
,1
مدكر
,1
ولنعم,1
اولاء,1
والبرزخ,1
يرتقونها
,1
حضرت
,1
وتوقد,1
المعتمر
,1
صبيا
,1
امحه,1
معبود,1
تحته,1
فالماء,1
ويدبر,1
والاصنام
,1
يذرنا
,1
للروض,1
دهاق,1
خاشعا,1
ولجاجهم,1
وجبنا,1
وفخري,1
تعطاه,1
اخشى,1
دخلت,1
للنوابت,1
اعطيه,1
تلقين
,1
حوادي
,1
فصاحب,1
الثنيات,1
مسكونها
,1
وديعتي
,1
ببيعتي
,1
اعطيك,1
بقتل,1
بالنهار,1
ولتجعلوا,1
سرمدية
,1
ركوعا,1
انكر,1
وفك,1
وويل,1
ويغزو,1
اردت
,1
نظمه,1
افترى,1
خواضهم,1
راحلة,1
سقيتك,1
كماله,1
كالناشطات
,1
مسالمي,1
مدامي
,1
مزاودهم,1
والراضيات,1
بالحمية
,1
التواني
,1
مثانينا
,1
باخذ,1
للارفاد,1
وترسموا
,1
طينا
,1
هواجس,1
دارك
,1
الافراح
,1
معين
,1
بهدى,1
رحيقها,1
طايفا,1
اوتيت,1
الوالدين,1
صبح,1
بنايها,1
يروى,1
صبر,1
ورشاد
,1
رامه,1
سوال
,1
بلقعا,1
السعادة,1
يعبد,1
الاقشب
,1
نستفتح,1
الساعة,1
ناكثين
,1
جفوت
,1
كاملا,1
ولتشهدوا,1
اراقة,1
فاي
,1
بهذه,1
السبحات,1
المفتون
,1
والواحدية,1
الشوق,1
مناص,1
الشكاية
,1
جيناكم,1
العطشى,1
وردتها,1
موصد
,1
واماما,1
والارفاد
,1
يغنيه,1
شرعا,1
ترفقوا,1
تخدم,1
الحسان,1
رايتي
,1
اخبر,1
ليعقر,1
الحصايد
,1
سهامي,1
الهم,1
امانكم,1
مراقي,1
فالحقايق,1
يستنفرون,1
ينتهي
,1
فليفارق,1
نصحت,1
القبايح,1
الجاهلون,1
وزر
,1
كلب,1
الاواني
,1
اذاقت,1
الحاجب
,1
معاني,1
فقال,1
اراحوا,1
تعاظم,1
يوقظ,1
اسود
,1
عطاينا,1
واستقي,1
ظلمتها,1
بالعين,1
لوايي
,1
واثبت,1
الايام
,1
ايات
,1
مجد,1
لبراناه,1
استهواه,1
مسود
,1
زلفى,1
باييتي
,1
ايلام
,1
سالتك,1
لحساد,1
والجوهر,1
وقل,1
الخفيات
,1
جدباء,1
كواشف,1
الثوابت,1
مثيلكم,1
تنفي,1
كانت
,1
كغيث,1
وشراب
,1
وبهتانا,1
يبدي,1
فالستر,1
بالامام,1
مهين,1
المزالق
,1
بعزمهن,1
المحكمات
,1
بصحبتي
,1
الاحكام,1
الموقنيـ,1
محبوبا,1
فرقها
,1
وتقرض,1
فعين,1
يفصل,1
التنا,1
كعبة,1
وضل,1
ستوضع,1
العاصفات,1
اهواه
,1
طميثا,1
مراقيها,1
المتن,1
اخصت,1
واذ,1
اقربه,1
انامل,1
لفرقتكم,1
ومرحبة,1
مرايي,1
تجمع,1
وايمة,1
فارفع,1
مشارب
,1
قطعنا,1
سمتي,1
عصا,1
كبير
,1
تشعشع,1
الجب,1
اصون
,1
وازلفت,1
وختاما
,1
باخراهم,1
لحيظات,1
يفضل,1
والقواعد,1
وتوتي,1
شقاء
,1
جيناك,1
واعوجاج,1
الاجنة
,1
جيناه,1
زلنا,1
يفي,1
بيتم,1
اغترفت,1
شوق,1
يفل,1
مبلسات
,1
البسنا,1
صرت,1
وقوما,1
بالاسعاد
,1
صرح,1
قروا,1
وعين
,1
كرا,1
لقيمات,1
للبشر
,1
بحصنك,1
بسبة
,1
اضداد,1
ابنا
,1
ليعافى
,1
عصاه,1
مميطة
,1
الرموز,1
ذكي,1
المعابد
,1
لبيت,1
لبيب,1
الاغفاء,1
فالاعراض,1
مسلمون
,1
القابضات
,1
سندسي,1
ظلال
,1
سعيهم,1
الغداة
,1
عزي,1
الميت,1
نبيا
,1
ليحمل,1
خدم,1
كنظم,1
العيان,1
كلامك,1
كلامه,1
فراحوا,1
ويصدق,1
عشرين,1
مليكي,1
واستار,1
تكلمت,1
بتجلد,1
للعين,1
التبيان
,1
عتقاء
,1
بالريحان,1
واثمر,1
افكار,1
وتحت,1
لصرح,1
بناوه,1
فزيتي,1
اثرتهم,1
حلا,1
زكاتي,1
يشم,1
رغدا,1
بغيرياته,1
خطوب,1
العباءة,1
فهمتها,1
يستكبر,1
بخاطر
,1
الصحايف,1
اعلموا
,1
بفيه
,1
رواحل,1
احباي,1
ولاية,1
يصلهم,1
تبلى,1
السراير
,1
يثيبني
,1
المورق,1
المنحتين,1
خزيا
,1
السكر,1
يغان,1
تخط,1
وارباب,1
تخص,1
نذروه,1
والتحقيق,1
الاعلة
,1
اللباس,1
عجزي,1
هشيم
,1
يعاهدني,1
حققت,1
خمول,1
منافق
,1
سقيتكم,1
حبيات,1
عصيا
,1
قصرتم,1
بالرضوان
,1
والعمل
,1
لتعلم,1
كعبادة,1
السيدات,1
نقصت,1
الباسطات,1
ثانيا,1
توحيده,1
كخبيثين,1
الاشقى,1
رجاوهم,1
والثنا,1
تنزع,1
تقارب,1
بعزم,1
صنعة
,1
الجحود
,1
قتلت
,1
نخل,1
اشارة,1
لانفصمت,1
يفزع,1
ومنهجي,1
تذلل,1
صاحبي
,1
والاصباح,1
وعلوم,1
مقيم,1
مساغا,1
مثقال,1
وكانهم,1
السيد
,1
للفجور,1
فالنور,1
واصطفاءا
,1
ولعل,1
فتيا
,1
اقراري,1
صلاتك,1
القيمون,1
يورقه,1
المصيبة
,1
فتنا
,1
سنن,1
لميعة,1
بعاشق,1
عفونا,1
فاتبعنا
,1
سنلتقي,1
فليستعذ,1
لحقيقتي,1
مخصوص,1
انشر
,1
الزايرين,1
وهن
,1
عهدي
,1
وفتنة,1
اروسنا
,1
كتنزل,1
وانشق,1
فهلا,1
الال,1
بسالك
,1
والمسابح
,1
يهون,1
ومنه,1
عتب,1
بخلعة,1
نديم
,1
والمعاني,1
تشربونها
,1
والمحتمي,1
ابتلي,1
تنجلي
,1
ووجهها,1
اعناق,1
والاحسان,1
المنتهى
,1
الطوية
,1
تغيب,1
تشهده,1
واكرم,1
فطاعة,1
تخلطوا,1
بالساقي,1
نره,1
ايلافا
,1
ذكرتها,1
واسراف,1
يسبق,1
جاعوا
,1
وذات,1
مقت
,1
والتفت,1
مماته
,1
الناشرات,1
جاني
,1
تصورها,1
اشاور,1
ومنازل,1
فطرنا,1
ليكتب,1
الحسنا
,1
طلعها,1
ومزاج,1
تحتها
,1
زادي
,1
العروش,1
وتعييني
,1
ظلالها,1
لعموا,1
اسريت
,1
زادوا,1
لطيفة,1
التصريف,1
الفجور,1
فدية,1
السقيم,1
بصدري,1
مدهقات,1
كافيني
,1
واجتماع,1
احجار,1
المقدس,1
غين,1
حبر,1
بروضتي,1
وترقى,1
تجدني,1
الاوحد
,1
للمتيم,1
حبا,1
واحبابي,1
غياهبها,1
مظاهر,1
سلواهم,1
شفعا,1
موكد,1
فيكسر,1
قربته,1
غدر,1
الخواض,1
اعلامي
,1
انجلى,1
بغيثه,1
ارادتي,1
انتصل
,1
وبالله,1
وعلمنا,1
طال,1
بصبري,1
وتلقيني
,1
تغاشينا,1
قضت,1
بذلت,1
رماني,1
فهداني,1
حيني,1
تزينت,1
والانامل,1
بهالك
,1
ورد,1
جن
,1
لوح,1
نية,1
يهي
,1
عبارتي,1
الكظيم
,1
فماذا,1
الاجور,1
مزاهد,1
توم,1
يقال
,1
العد,1
تورف,1
للصلاة,1
احيه,1
عاقر,1
وقيتم,1
داء
,1
بسهم,1
للراجي,1
نهيت
,1
راحة,1
وزادهم,1
حرمت,1
انفقوا,1
تحف,1
كلامي
,1
سجرت,1
بالتي
,1
يقام,1
شحم
,1
لبني,1
تتخيلون
,1
قصيا
,1
ولكنهم,1
الاشهاد
,1
حسادي,1
الاشارة,1
الفريات
,1
شهودنا,1
عداوتنا
,1
وافهموا,1
وجارك
,1
واجار
,1
غرة,1
ثمود
,1
وبشير
,1
حقها
,1
فاهل,1
العثرات
,1
ذاتا,1
اضافتي
,1
ضرام
,1
جده
,1
ارويه,1
رحمتي
,1
مخيطة
,1
لباسه
,1
السرمدي
,1
شوقا,1
سياف,1
سقر
,1
افدتم,1
قعود
,1
رشدا
,1
ليشرب,1
وامرنا,1
قانت
,1
رجايه,1
عبسا,1
المومنات,1
قتل,1
صحابة,1
لولاي,1
سخرت,1
بديلا,1
لنعيم,1
للمحب,1
يفيد,1
اركان,1
المديني
,1
قابها,1
السجدة,1
ينبع,1
فرفعته,1
عضال,1
قناع
,1
علمتكم,1
صبرتي
,1
يضام,1
والانسان,1
صكت
,1
عرانا
,1
وبيس,1
للاقطاب,1
اعرض,1
الاسما,1
خيار,1
رضاكم,1
تقاتي
,1
تسليم,1
الاباطل,1
سالنا,1
يحقر,1
للاحتكام
,1
غيم,1
المنعم,1
سماها
,1
وثابت
,1
وقالت,1
الفريد
,1
سويعات,1
النواة,1
اعفو,1
طالبا,1
وبينهما,1
داخلا,1
استغفر,1
ترديت,1
قيادك,1
الوعاء
,1
والشكر,1
لعل,1
بقلبك,1
ومحمد
,1
بالمفصل,1
بصاير
,1
كالجوارح,1
بدايتي
,1
جاهرين,1
وفيما,1
فاعتراه,1
برزخي
,1
ازهاري
,1
وعلمتاني,1
يميز,1
يبتغون,1
ومراسي,1
وعمرة
,1
مثقل
,1
ويشفع,1
واورث,1
للمقطوع,1
والخيار,1
سلام
,1
صبغتي
,1
يتقلبون,1
عصاتها,1
طوعتنا,1
متعت,1
شذاها,1
يخشاه,1
يتجافى
,1
سكر,1
يسار,1
عيس,1
ظلما,1
الشديد
,1
فعقر
,1
يسقي,1
وختاما,1
تعطف,1
لرايه
,1
الارباع,1
وكلامي
,1
فاستوى,1
ناطقين
,1
يمينا
,1
العمي,1
العمى,1
نقول,1
بكهف,1
مرها,1
تظلكم,1
وعاهدتاني,1
وهرول,1
الاكثرية
,1
بدرت,1
ورموزها,1
الاذقان,1
بطعان,1
الافصاح
,1
سعوا,1
والسريقة
,1
قابها
,1
صادق,1
معيتنا
,1
المفاتح
,1
كنور,1
معطيني
,1
تعاقب
,1
مطيتي,1
مدت,1
الذنب,1
تان,1
حرت,1
حرث,1
قاعدين
,1
ينسينا
,1
المفسدين
,1
اغواره,1
حنت
,1
الصبا,1
التاديب
,1
حورا
,1
فثم,1
اقتفاها
,1
الصبح,1
كمالهم,1
الاربع,1
فاجعلوه,1
فيهتدي,1
مقامنا,1
الاحسان
,1
وموصل,1
الرجاء,1
حراء,1
ومنا,1
حالكة,1
جعلنا,1
ادنى
,1
فاحذروا,1
لثاما,1
ومنذ,1
محوي,1
البدييات
,1
للذنب,1
لعب,1
المغيث,1
نصطفى,1
بدعا,1
تواتي
,1
اشتهرت
,1
بذمتنا,1
وتجاوزوا,1
والامر,1
منظومة,1
بسقايتي
,1
فوجه,1
رضاع
,1
رميا
,1
يعمر,1
المخيط,1
بام,1
بالخير,1
يتعامى
,1
ينجو,1
ايديهن,1
منوالي
,1
العجاب,1
الصف,1
مهيلا
,1
تهلك,1
ظعنوا,1
ماسح
,1
سروته,1
بسورة,1
بعفو,1
مستسكب,1
مثبتا,1
بعنايتي,1
الشبهات
,1
مقلدا,1
ذاتي
,1
الماثم
,1
معقود,1
تغفو,1
مرتل,1
فابراهيم,1
اخذوا,1
وبينه,1
حفيا,1
والاعجمية,1
ومعتنق,1
ويسجد,1
ومهابتي,1
قويا
,1
بالرعاية,1
اللثام
,1
كنحر,1
الندا
,1
الاغتراب
,1
والبدء,1
الابحار,1
بنظم,1
فظن,1
ونورها,1
اجترات
,1
انسوا,1
بخلوتي
,1
الالباب,1
واسهب
,1
مرسلاتي,1
الانتظار,1
بفيض,1
نوحية,1
والمزن,1
ضرورتي
,1
النضيد
,1
واعتصر,1
واللولو,1
معاشه
,1
واكتوى,1
رايات,1
فذو,1
خلقتي,1
يعم
,1
بترديد,1
الشراب,1
الامهات
,1
مثلكم,1
منحتهم,1
ابتغاء,1
مليكهم,1
متكاتي
,1
وتشجيني
,1
المقاصد
,1
للرواء
,1
سوح,1
مامول,1
مامون,1
المسلول,1
بقليل,1
سوء,1
لصار,1
درا,1
عهديتي
,1
اواصر,1
يكسرون
,1
نطوف,1
حيلة,1
وصل
,1
الحرم
,1
واصبحت,1
اغان
,1
العلي
,1
اتصلوا,1
قدير
,1
مابها
,1
وفردي,1
احبابنا,1
نضير
,1
وخصال,1
خفافا
,1
عزرء,1
حفيا
,1
خصهم,1
تطربني,1
ومقعدي,1
ببعضها,1
لاشهدتكم,1
اغنى,1
يحل,1
وجنود,1
غفلوا,1
طارق,1
اعذب,1
طعون
,1
مواطنها,1
بقلاع,1
الانشقاق,1
سالتم,1
فجينا,1
وننظر,1
بعضها
,1
بالقسطاس,1
مضييتي
,1
وحصنا,1
مراده,1
وساغدق,1
جمرات,1
الغمامة
,1
الضعاف,1
فاكتم,1
اغناني
,1
انارت,1
عباءتي,1
مرادك,1
وطيـ,1
تشهد,1
تشابكت,1
صواعقها,1
جناحك,1
بالنفايس,1
ادهاق,1
وكشف,1
تزاحمت,1
تلدن,1
اجنتي
,1
سقايتها,1
اديره,1
الكنه,1
الفاطر
,1
غيض,1
مسعدا,1
ندي
,1
الصفوح,1
الصفوة,1
بالمرجى,1
ومويلها,1
فار,1
شبعت,1
منقصة,1
المرجو,1
ويسقينا
,1
عاصيا,1
ومستلم
,1
مريية,1
فايما,1
المواطن,1
للكل,1
قلم
,1
نونها
,1
ترتضون
,1
يومروا,1
اغاثة,1
النقص,1
وطلعها,1
الوجدان
,1
تامن,1
سليقة,1
اردنا
,1
السجاد,1
مجيرا,1
عازلي,1
تميـ,1
ارقتهم,1
انذرتكم,1
دركا,1
القرايح
,1
القنها,1
مضمون
,1
الممكنات
,1
وبالتسبيح,1
شيمتنا
,1
نهارا
,1
لقنهم,1
جرتا,1
جمحوا,1
الجلال,1
ضعيف,1
ولد
,1
وامام,1
فحكم,1
خمرتي
,1
اللقاح,1
وارج,1
مواته
,1
وتجارى
,1
كفيك,1
تبسر,1
ستنشر,1
اصابتنا
,1
الحلول,1
وحسبي,1
يفعله,1
بغيتي
,1
يحنو,1
وابصاري
,1
شفعتهن,1
تنوري,1
وجينا,1
المومنو,1
رمي,1
بالاجتبا
,1
شكواها,1
شفعتي
,1
بوصال,1
ادعاء,1
قبيل,1
لينبذ,1
النصيحة,1
عصبوا,1
للشمس,1
وعباد
,1
اقمارنا,1
والبلاء
,1
بصايري
,1
الخمس,1
الخمر,1
واحصوا,1
القادري
,1
سديد,1
نبتدي
,1
سروتنا
,1
كبيت,1
طريقتي,1
كبير,1
تجدب,1
مهندا
,1
التقارب,1
يمينيه,1
تواقا,1
نلتقي,1
وغرايبي
,1
يصونها,1
اللوايح
,1
افناني
,1
ومكانة,1
القتل,1
فطور,1
انلنا,1
لوافح,1
التلوين
,1
فاستمسكوا,1
قولتهم,1
الايسين,1
لفاسق
,1
بمنحتنا
,1
لزاما
,1
وجعلته,1
ثنيا
,1
محمودة,1
معتصرا,1
بالاصل,1
ضرب,1
تزكيتي,1
قاص,1
ليكيدني,1
بمسك,1
رعيتي
,1
صبحه,1
فتهامسوا,1
سهيد,1
يسلب
,1
لمداد
,1
بسير,1
والزهراء,1
فانطمسنا,1
فردا,1
الاماني
,1
وعيون,1
تغار
,1
يجدي,1
لتخرج,1
وجاءني,1
نحوي,1
غصكم,1
مزاجي,1
يرهبون
,1
معلنا,1
مزاجه,1
جيرة,1
القرون,1
بسمعي,1
المعمور,1
الجن,1
مغنيني
,1
تدركنا,1
يرتاعوا
,1
والصفح,1
فلتعلموا,1
تشرحونها
,1
يرد
,1
بتذكار
,1
وكونوا,1
رقى,1
فجهول,1
هيهات,1
يهب,1
فالسايرون,1
العقود
,1
رقم,1
جنابك,1
لجاج,1
جنابي,1
ابطات,1
ازر,1
فالتي,1
النذر
,1
وبغيره,1
رهبان,1
اسوم,1
المسعد
,1
القطمير
,1
شعابها
,1
الغوث,1
كالشهيد,1
اجدادي,1
احرامي
,1
وسايل,1
فالدهر,1
وضعافكم,1
المقاعد
,1
كفكم,1
يتشاكلا,1
وتثبيت,1
رايق,1
لقلب,1
فطابقوا,1
لي
,1
حبها,1
الاحقاف
,1
حلتي,1
فتحناها,1
قلد,1
ديتي
,1
مقاما,1
توسلوا,1
ملبسه,1
يناجي,1
بحضرة,1
فاذكر,1
نذرنا,1
وخلنا,1
وكووس,1
مظهري,1
وصولا,1
ضياك,1
اثيم,1
نضارة,1
صدورا,1
واما,1
جميعها,1
اروي,1
فاردى,1
فباعي,1
لواقحي,1
خبث,1
جنتنا
,1
مفرقا,1
بديعتنا
,1
الرشد
,1
مسيرتي
,1
ونمرح,1
شافع,1
يكرمون,1
لطايف,1
نداء,1
دعوتانا,1
نخلهم,1
باستبقاء
,1
احتجاب,1
سميا
,1
الرحماء,1
وجهري,1
كامهار,1
خشيتم,1
يرمون,1
للوصل,1
الكبر
,1
ازدريه
,1
سيعلو,1
خذوا,1
باتوا,1
فتخيروا,1
ارهبوا,1
بالذين,1
خبيرا
,1
قادريا
,1
اكنة
,1
نعرج,1
جريد
,1
وقبلة,1
واتمها,1
غشاوات,1
الممترين
,1
يكون
,1
يثنى,1
وابيض,1
نضاح
,1
جانيا
,1
الاكوان
,1
يكفى,1
مكانته,1
وادعا,1
كافا,1
الاصطفاء
,1
لاهلك,1
المشيية,1
بامداد,1
بنفختنا
,1
مكرم,1
ضركم,1
فقيرا,1
وتفوزوا,1
وبطاين,1
قطعت,1
والمعيب,1
ضحاها,1
ذرى,1
نكنى,1
بطش,1
البها,1
وادع,1
حميم
,1
بقربتي
,1
ابى,1
نفشي,1
المعية
,1
ـخلق,1
يتدارس,1
ومخاطب
,1
الرخية
,1
وثيقة
,1
ونفلي,1
يلقاني
,1
للجمع,1
اشا,1
ارايت,1
فتقنا,1
حسيرا
,1
ويغفر,1
خانه,1
باسق,1
فتي,1
ستارها,1
مقامتنا
,1
مازورة,1
وكذاك,1
التهتك,1
والختام
,1
ثبتنا,1
ماجورة,1
سقام,1
فاكدى
,1
المولدين,1
راضيا
,1
وصلي,1
وصلى,1
قامت,1
مصادر,1
المحيا,1
ثوابتها,1
وحدتي
,1
التحير,1
ومزاجها,1
سيفا,1
وللناس,1
جبلوا,1
معطيهم,1
ازال,1
فالنفس,1
المزود
,1
شامتي
,1
اقيل,1
تخاف,1
والتغافل,1
غنيا
,1
الجبر,1
مغضوب,1
كابر
,1
تنسب,1
ضعافا
,1
اجد,1
والمهيمن,1
اجر,1
الخمار
,1
اسرارها,1
صفاه
,1
فليعشق,1
وطهر,1
سحر,1
بلاغا,1
فالبضايع,1
عينان,1
لشرابها,1
مضمر,1
لوصلها,1
فشاني,1
قيلت
,1
والنفير,1
تمنى
,1
وتكرع,1
واقبح,1
رجوع,1
السادة,1
وموارها,1
ساكن,1
للميزان
,1
ببقايه,1
تواعد,1
بفاطمة,1
الافاقة,1
اطمى,1
حقها,1
للاعتبار,1
حلمت
,1
الانفطار,1
سلسلا,1
نونيتي
,1
اياته
,1
بالفصاحة,1
خاتما,1
اضلهم,1
اهانتنا
,1
لثامي
,1
الاختيار,1
بحمانا,1
حزناه,1
ركبت,1
والامانة,1
عامر
,1
تبرزخت,1
الوثيقة,1
ولد,1
ويعلم,1
وصيه,1
فطرته,1
وقولك,1
رجا,1
نبتغيه
,1
ولذ,1
رجب,1
الديوان
,1
كثير,1
بالسيد,1
اصطفاء,1
حافظا,1
وضاقت,1
وابا,1
لتحيا,1
بالمعية
,1
تجلينا,1
طالب
,1
ومروتي
,1
اكرامي
,1
كالنكرات
,1
فاسرد
,1
فالصمت,1
لكان,1
تلقين,1
هواهم,1
اصابتي
,1
وبينهن,1
نزيلا
,1
فاورثهم,1
يحاضر
,1
قمنا,1
والسر,1
واتبعها,1
فاصطفاء,1
الحسنية
,1
الراحميـ,1
فقدري,1
مضرب,1
تفيد,1
لمستق,1
مليا
,1
اسرت,1
تفرقوا,1
تركت,1
بخلتي
,1
بهمتنا
,1
طيب
,1
نورث,1
منشي,1
ركنه,1
ويظلم,1
اتوج,1
بسواي,1
والحلم,1
بقبضتي,1
معقولاتها,1
لقايي,1
ماوها,1
ونشكر,1
استعلى,1
غور,1
تدري,1
الشك,1
ثبتتنا,1
فلتطفيوا,1
باولاهن,1
مرسل,1
سفين
,1
فافهم,1
اكيل,1
يغنم,1
مشيت,1
يغني,1
ويستقيها,1
طول,1
حملوا,1
الاخاء,1
ضعة,1
والتقينا,1
فيهن,1
فريدا,1
تتوجه,1
تباعد
,1
الخبية
,1
بالاخبار,1
تاملون
,1
واحتواءا
,1
اعلم
,1
اسكرهم,1
فيضه,1
بصيرة,1
التوكيد,1
ادناهم,1
حقبة,1
والعلم,1
حماها
,1
اخوانه,1
ضرايرها,1
الهدايات
,1
وهدى,1
نديما,1
الايذاء
,1
ويعزف,1
البشارة
,1
شاققتموه,1
السواعد
,1
التباعد,1
كاليقظان,1
لبحر,1
مزايد
,1
مباني,1
دعوت,1
مايتان,1
الاخرية
,1
تراني,1
خفت,1
خفا,1
البريء,1
الرجاء
,1
يسلني,1
لغيري,1
لجاركم,1
تفرقكم,1
التقريب
,1
ومنزل,1
وضاع,1
ساعة,1
والاسراف
,1
لعدلها,1
الملح,1
حسير
,1
قيامي
,1
فالاراقة,1
بتكريم,1
البلوى,1
شرها
,1
يمتلي
,1
ورد
,1
بادي
,1
معين,1
وبالاخفاء,1
وافطم,1
فيوميذ,1
فلتعلموا
,1
فنشهد,1
اعلا,1
لسجدة,1
للورى
,1
وهزل,1
قصيدي,1
وبرات,1
وفيكم,1
حين
,1
نكفيه,1
رخايي,1
للوجوه,1
انهم,1
فمراد,1
عشار
,1
الختم,1
بالسوء,1
الاقوال
,1
ثنايي
,1
مناله,1
غار,1
المارب
,1
فتلقيني,1
الحدود
,1
الوهاب,1
نصفها,1
حالكها,1
اعمارها,1
تجهلون
,1
الممات
,1
تسليما
,1
بسهمها,1
للحمى,1
الرجا,1
بالتصريح,1
ورهن,1
عيونهم,1
قوسان,1
والقال,1
الثريا
,1
توجهت,1
لمات,1
افكا,1
وفتقنا,1
اتيت
,1
اجناد
,1
ردى
,1
ثاقب
,1
المديح,1
اوليك,1
لمبعد,1
والها
,1
ماونا,1
والرب,1
بجمعنا,1
عوامي
,1
ومليك,1
لشين,1
البدر,1
الظلمات
,1
نعت
,1
والدار,1
مجاهد,1
حقت
,1
لجها
,1
زيتون,1
روت,1
بقية
,1
الانشاء,1
روض,1
مجانبة,1
روع,1
مداها
,1
وتبيان,1
ومفرق,1
تجهر,1
نجيا,1
الباب,1
سهل,1
الباء,1
ثوب,1
ويخبر,1
الابواب
,1
الاعمال
,1
ذاتها,1
فاصبر,1
تحذر,1
البس,1
بها...,1
صريع,1
تستاذن,1
بناني,1
لذواتي
,1
حساد
,1
انحسرت
,1
القويم,1
فيدي,1
الدمار
,1
العقد
,1
الكوثر
,1
يغنيني
,1
لمزكوم,1
وسنتي
,1
وكاشفتاني,1
برهانيه,1
يفيدكم,1
الوسنا
,1
وحبهم,1
يحمل,1
التحكيم,1
قيادها,1
صونا,1
معتقة,1
فالمحبة,1
ليرد,1
فالمد,1
استار,1
يستمدون,1
مسجد,1
نظير
,1
مروا,1
اجتبا,1
العصر,1
الدامي
,1
اشربوا,1
وصالا,1
السوال,1
لعمرك,1
سقيما,1
البطش,1
التخمين
,1
ياتلفونها
,1
اليسيـ,1
كنزية,1
بالتروي,1
لخوون
,1
صلة,1
سواءا
,1
ثيابها
,1
البقية,1
تواني
,1
ينصب
,1
بعقلك,1
بفضله,1
وشامت,1
المختوم,1
نراها
,1
جنودي,1
بقفرة
,1
بالايات,1
يجلو,1
تشكرونها
,1
تبوح,1
تشبه,1
تشربوا,1
فبقايي,1
بادنى,1
تبوا,1
تبوء,1
شربناها,1
النيل,1
مدادها,1
قربة
,1
شهدت
,1
ويدنينا
,1
كنهي,1
كيل,1
فماء,1
والجور,1
بيوم,1
نجيا
,1
مقتا,1
واغرس,1
والشيخ,1
اطرايي
,1
يشيدني
,1
لوقتها,1
استواءا
,1
حوى,1
والبصيرة
,1
ومقام
,1
يتكتموا
,1
يلقاه
,1
بحديث,1
ساروا,1
يحيا,1
العوالم,1
وسره,1
اللطيم
,1
فاولها,1
تباهى
,1
زبرجدها,1
ندام
,1
فمنير,1
تشركان
,1
برزخي,1
عقدتي
,1
متجانسين,1
جارحة,1
ذرة
,1
ولدي,1
تراهم,1
الناظرين,1
خيبة,1
حمد
,1
انتهيتم,1
عاشقها,1
قصدت,1
بشاعر
,1
المضاجع,1
انانيتي,1
سواكم,1
نجده,1
قوسيها,1
ظنا
,1
والبيان,1
بفم
,1
غنوا
,1
فلتعقلوا,1
سرمديا
,1
فتي
,1
كفي,1
كفى,1
كنزت,1
فيفنى,1
كفران,1
كفل,1
بدلا
,1
لظعنكم,1
باعراض,1
ونوره,1
تستكثر
,1
فينتقي,1
عادات,1
لبا
,1
لمخبت
,1
وبكاء
,1
مشفقين
,1
راكبي,1
لالتقى,1
طينا,1
الوانا
,1
قتلها,1
لاخفيت,1
ياتون,1
خبير
,1
اشرعت,1
لصيامي
,1
اغثنا
,1
انثتها,1
كلماتي
,1
تقواي,1
وزدني,1
فناءا
,1
طربنا,1
محبك,1
شهور,1
بنقص,1
الواحدية
,1
تبدو,1
تبدى,1
شرط,1
قرا,1
حديد,1
اتيه,1
يدار
,1
كقول,1
وسلسبيل,1
كالنجوم,1
يجتاح
,1
ويزعم,1
الورود
,1
بالجمع,1
ستري,1
يفتري,1
سطوتها,1
امدهم,1
اكتفينا,1
هاييتي
,1
يزكيك,1
اعمت,1
انسناه,1
مصباح
,1
اظلته,1
ترنحه,1
وتشهدون,1
واياي,1
تقلبت,1
سهامي
,1
غراما
,1
رايناك,1
عمدا,1
ضياءا
,1
فاعمل,1
انطق,1
خبيثا,1
فرقه,1
ظلالي,1
الاشراق,1
الاشراك,1
تر
,1
ففوق,1
قدوتي
,1
ءاذا,1
ليل,1
منهمر
,1
توحيدها,1
عاينوا,1
باسماء,1
دخلتم,1
موعد,1
تخافوا,1
وجيتم,1
لاستحال,1
توسط,1
طرقت,1
الخفاء,1
العاصمين
,1
ونرتع,1
قليل,1
لسان
,1
مدد,1
تسامرتم,1
سقيم
,1
رضانا,1
باليميـ,1
الفخار
,1
ناسيا,1
الخروج,1
اطوارا
,1
الغداة,1
عربيا,1
بنفحة
,1
حواني,1
وتهنا
,1
فالفتات
,1
اريد
,1
الغرور,1
كنوا,1
خراب,1
المالكية
,1
مكسور,1
تطفى,1
المطففين,1
فكونوا,1
مكارمنا,1
افلت
,1
كاللاعب
,1
يغوص,1
سبحاني
,1
والاحتكام,1
تغثه,1
سبحانك,1
الاكتساب
,1
لايوب,1
نواياكم,1
اسقيت
,1
مناقب
,1
بقلب,1
حبوها,1
بالسين
,1
ونجونا,1
ومحض,1
افشاه
,1
بجيرتي,1
دكة,1
طفقتم,1
نبراسا,1
باوها,1
جمالا,1
عيرهم,1
عيرهن,1
احسن,1
فتعابثت,1
ظهير
,1
والتظالم,1
يستغيث,1
ويدنو
,1
مقيدا
,1
يكفرونها
,1
والشراء
,1
نفسا,1
ويخفى,1
وجراب
,1
ليسوا,1
الايتام
,1
للسلم,1
تكنى
,1
وعليك,1
الارضاء
,1
وبلوغ,1
للشاربين
,1
حي
,1
رباها
,1
دهري,1
نجاهد,1
فيجاب
,1
مسك,1
صحيفتي,1
النشوان,1
فالسماء,1
فالنوابت,1
تعميما
,1
لتذهب,1
فليتق,1
اسباب
,1
تضيفوا,1
المعتم
,1
كرام
,1
والعصا,1
مفتوحات,1
لسنا,1
واحتويتم,1
وكلنا,1
مصفى,1
ملة,1
مصيبتي
,1
بيداينا,1
قلته,1
جنب,1
اكبر,1
وبدا,1
وبدء,1
بعيون,1
الوقود
,1
نايب
,1
تقديما
,1
النحل,1
غفول,1
الواحا,1
مقعد
,1
تشاء,1
تتبع,1
الواحد,1
كشم,1
ولقنهم,1
اردفتها,1
تدبيركم,1
البيت
,1
اجملت,1
عندا
,1
اكذا,1
بافواه,1
فامسحوا,1
بقصدي,1
فالعبد,1
يدانيني
,1
التكوير,1
لزين,1
الشهيد,1
جبينها,1
هدانا,1
ضلال
,1
تسامر,1
بحضرته,1
يغيبنا,1
ظن
,1
توف,1
ترياقنا,1
خفيا
,1
اعجاز,1
تولته,1
اقتدت,1
تحوي,1
كحلا,1
يعصي,1
التهذيب
,1
موردي,1
تعجز,1
محو,1
وذكرهم,1
احبو,1
تدارسوا,1
الحلل
,1
وارضينا,1
تسترونها
,1
ونجيه,1
نذيرا,1
وجهنا,1
اذاه,1
اثبت,1
فهدوا,1
مفرد
,1
قارب,1
مبلغا,1
ابعاض,1
لشقاء
,1
حظيا
,1
المغيب,1
درجاته,1
تلونهم,1
هلاك,1
الذرى
,1
والرقى,1
السويا
,1
بصدره
,1
لخوان,1
تراءى,1
السامي
,1
تسع,1
ضر
,1
تسر,1
يفنه,1
المثبوت,1
محمولا,1
خروا,1
تدبر,1
يصيب,1
السوح,1
طرقتها,1
منظومي,1
فالطريقة,1
الصحيح,1
خردلة,1
فقراتها,1
صحبته,1
ليسير,1
وقام,1
الحان,1
دواء,1
صحبتي,1
واحبوه,1
منتصر,1
وجزيل,1
وتشهدها,1
يوالي,1
بالدني,1
افشي,1
الابدية
,1
لذكركم,1
املايي
,1
الاعمى,1
كمثال,1
النبات
,1
الامامة
,1
والاحرام
,1
التين
,1
ويجعل,1
اعقد,1
بنفحتي,1
لتوصل,1
توليت,1
حملتي
,1
ومطلعا,1
مراتب
,1
الطولى,1
بصايد
,1
الموتمر
,1
وامر,1
حولا,1
معلمي,1
سدانتي
,1
توثر,1
اشفاقا,1
يفشى,1
منايحي,1
تعدلها,1
اعطاني,1
جاها
,1
اتممت,1
ادوم
,1
واحكمت,1
والقاسيات,1
عرفته,1
البعوضة
,1
ثبطت,1
عدو,1
عدن,1
عدم,1
وقتلي,1
كاتخاذ,1
بنعيمة,1
وسيلة,1
حلها
,1
فتقتها,1
الدهور,1
والضلال,1
استطعنا,1
ياب,1
عقدي
,1
ناظريها,1
باولي,1
البارقين,1
رضانا
,1
بعدا,1
والعصيان
,1
حسن
,1
حماه,1
لحظة,1
وخزاين,1
واخرج,1
فافض,1
امهم,1
محراب,1
الصفيات
,1
سريا
,1
المفتون,1
المزيد
,1
بصدقه
,1
والسفينة,1
والغرام,1
تعبرونها
,1
ساميط,1
يشرب,1
كريما
,1
حانته,1
الادنى,1
كريم
,1
ويعبس,1
وحولها,1
وزر,1
الضيوف,1
فهامت,1
جلالي,1
فدع,1
وجواب
,1
صنيع,1
يخدم,1
زادها,1
عموا
,1
حشاك,1
مخلصا,1
اعطت
,1
الغالب
,1
بحلاف,1
بالرءوس,1
جزاها
,1
ثقة,1
البر,1
وسارت,1
قاطعي,1
غبنت,1
واسمع,1
نشاتي,1
باحكامي,1
سربه
,1
لذكره,1
عورة,1
الكفاف,1
وطالما,1
وتيمموا,1
اثما,1
وتحير,1
والعنا,1
تقولوا,1
وزج,1
نهايات,1
فاغرق,1
وقلن,1
نعمتنا,1
ورويت,1
خفايي,1
حشدا
,1
الساقي,1
زكيت
,1
نرتل,1
يبلغاها
,1
موسويا
,1
جلوتي,1
لامين,1
صبحها,1
يكتال,1
العصي
,1
المفيض,1
حجبه
,1
والفضل,1
تعلمونها
,1
استطاع,1
نفيحات,1
فجاهر,1
فكلهن,1
نقلب,1
احاد,1
والباري
,1
يمارى,1
تنسبوه,1
كونها,1
تحملون
,1
بردتي
,1
قبضتي
,1
للكلمات,1
فاصمت,1
عطلت,1
ومليكها,1
يعيـ,1
القشيب,1
ماءا
,1
علمت
,1
للصحب,1
جعلي,1
شعاع
,1
بصدره,1
اجتناء,1
الرعية
,1
الاقداح
,1
لنور,1
فلاح
,1
وامين,1
وقفوا,1
فاهجروهم,1
عالما,1
وخلفت,1
ولتنشروا,1
ويمن
,1
تظنوا
,1
ازار
,1
كعلمكم,1
جهر,1
الشوارب,1
تعجلون
,1
الحرام
,1
خلوتي
,1
والبيت,1
الامكان,1
حيف,1
تغشانا,1
مسعى,1
وحجتها,1
انتشار
,1
البضاعة,1
فاضت,1
زار,1
وقطعت,1
الحفر
,1
ادهقتها,1
المقامات
,1
بالاظهار,1
مجرى,1
بصفحتي
,1
نواظرا,1
الجرداء,1
بالنشيرة
,1
الناظرون,1
عدي
,1
بقتادك
,1
يعفو,1
واكتملت,1
تثبت
,1
استغنى,1
مكنونة,1
حوضا,1
مرة
,1
اينا,1
غدوتم,1
الخايضين
,1
وقار
,1
بردها
,1
جدد,1
وجدنا,1
الشذا,1
مزلة,1
المعصرات
,1
يختم
,1
ناى,1
الموريات,1
حاضر,1
اضربوه,1
واقم,1
فلعله,1
عليين,1
ـسير,1
الكرامة,1
طورتها,1
اوحى,1
موضونة,1
شعبة
,1
خالدين
,1
ثمود,1
خبات,1
شاهدي,1
النصاب,1
الفارقات
,1
المتعامي
,1
ذلول,1
ناشي,1
اللاغب
,1
دروا,1
دروب,1
اجبت
,1
مواكبا,1
متسقا,1
فاقبر
,1
التنازع,1
واجبر,1
لماما
,1
ملجانا,1
انهاري
,1
فنطق,1
عوايد,1
تضاربت,1
العشية
,1
خفية
,1
يبكي,1
متيم,1
ختمه,1
وكانه,1
يراني,1
طبنا
,1
لتامنوا,1
نعالي,1
كميت,1
وسيط,1
فاعينهم,1
حاولوا,1
يستوي,1
صور,1
حملنا,1
قدت
,1
تلظوا,1
ولسوف,1
التفريد,1
التفريج,1
وتنشروا,1
الواجد
,1
قدوتنا,1
غانت,1
شريعة,1
فبدوا,1
اضعافا
,1
تعنو,1
عظيمين,1
بدعواهم,1
صالح
,1
بهاها,1
وبروجها,1
كورت,1
تظلمون
,1
زاغت,1
تحفني,1
لدنيا,1
يولى,1
اثقل,1
بامرها,1
قولتي,1
مناديا,1
فارض,1
محتد,1
واللهيب,1
اضرب,1
نضحنا,1
المودة
,1
رباكم,1
ارضي,1
سليم,1
ونظله,1
فرقة
,1
بجيدها
,1
انيسة,1
العاملين,1
ساحبوكم,1
وشواهد,1
معارفي,1
يحصي,1
فجنة,1
بدونهم,1
عناد,1
والنجاة,1
بكييات
,1
تبيانه,1
اكتسى,1
واركبوا,1
عزيتم,1
هديها,1
غلت,1
تغار,1
محدثا,1
مقبل,1
تسري,1
احمدا,1
بضاعة,1
وبك,1
باس,1
فيصبح,1
باد,1
عرشه,1
العصارة,1
حواشينا
,1
مختومها,1
ابوها,1
بالثرية
,1
فرقانا
,1
طبعي,1
وامدت,1
ادعى,1
احمها,1
اكنة,1
يقضي,1
حوتها,1
جبيرا
,1
واللوام
,1
للانية
,1
اصله
,1
يهيم,1
نهى,1
التشارك
,1
يعنيني
,1
يجانب,1
دام,1
للشم,1
يبطنون,1
بمايي
,1
ومدا
,1
ملتنا
,1
فاسالني,1
فامسك,1
تحتها,1
وجعلتهم,1
ولهذه,1
وبغية,1
توليهم,1
بفعل,1
تجمعنا,1
شيونها
,1
ببوادي
,1
ضياها
,1
بكفيه,1
يخضب
,1
الشاذلي
,1
سحايبي,1
وقالوا,1
للسميع,1
غنى,1
الزمهرير,1
يكبر,1
ومخرجا,1
فهن,1
ملمات,1
بغيثه
,1
تستوقف,1
يسترحم,1
كاتم,1
شيبا,1
صانه,1
محروم,1
عروتي,1
بقدرتي
,1
امها,1
وبكفي,1
سبحتي
,1
وذكر,1
وبكفه,1
للملايك,1
لثم,1
فاصمت
,1
امسكت,1
نوما,1
النهار
,1
الجواهر,1
ودود,1
؟‍!
,1
اطعم,1
لوداع,1
وينجي,1
وطوت,1
اماجد,1
تجيب,1
كالسابحات,1
معنا,1
بهادي,1
فانهم,1
فانهل,1
يقيت,1
تشهدان
,1
الروايح
,1
باسمها,1
مقا,1
دينه,1
بعطفه
,1
الموحد,1
يشهده,1
بخصال,1
رسالات,1
صرصر,1
حبهم,1
شذاها
,1
احلت,1
يتكتم
,1
جمعتي
,1
معرة,1
جنابي
,1
مسعاه,1
امانتنا
,1
خضبت,1
يتكلم,1
همتي,1
سهادي
,1
جنحت,1
غصت,1
ومريد,1
ضحاها
,1
يسرينا
,1
الالقاب,1
فنادى,1
ابوابها,1
لتواصوا,1
والكووس,1
ايلافهم,1
والحشد,1
الفوات
,1
يتلونها
,1
اكتمل
,1
واوقد,1
فاغطاش,1
اشحنا
,1
دماء,1
زمامها,1
ذاكر,1
فجبريل,1
تمليه,1
ولتعط,1
طيا,1
يشهدوا,1
حضرته,1
اجماع,1
المكنى,1
الفيصلان,1
الضنين,1
ينوء,1
عدها
,1
يخلفونها
,1
الراهب
,1
ينوع,1
خيران
,1
الزعاف,1
تطفيف,1
ويستويان,1
اقتدار,1
قتلته,1
اكبر
,1
مربوط,1
يسلب,1
القيم
,1
حدث,1
ومقصرين,1
كاشف,1
فاجرنا,1
الصبا
,1
واخبر
,1
ترهيبها,1
يسوم,1
غايتنا,1
المعين,1
ميتة,1
طمانت,1
تدركني,1
وفرغت,1
حبيبي
,1
تقلب,1
تقلد,1
والقشيب,1
وحلة
,1
اجتهدنا,1
صياح,1
وبورك,1
عزايم,1
نهفو,1
فالقراين,1
السوي
,1
حلال,1
وموتمنا
,1
مسودا
,1
واهب,1
تنثني,1
اكفه,1
واوتيت,1
وحسبنا,1
اوثقتنا,1
تاتيك,1
احبتنا,1
انيتي,1
الاعراب
,1
الفتاة,1
الفتاح,1
ذكرهم,1
المنتشر
,1
فقهتم,1
تعانقنا,1
يووس,1
الاحباب
,1
نعوت,1
يعسوبة,1
وبها,1
وجر
,1
فيخرج,1
يرتجى,1
يجرع,1
اذكر,1
استهامها,1
قدمي,1
نفاد
,1
هداي,1
واعرضن,1
تدلت,1
شيمة,1
اغواري
,1
يهرول,1
عرفتها,1
المانعين,1
ياتيك,1
اكتحلت,1
نعتها
,1
بحمله,1
وللارواح,1
حاد,1
لجمع,1
احمديون,1
فابنوا
,1
حاء,1
الرقاب
,1
ولتربطوا,1
دواما,1
يضار,1
قدره,1
انظار
,1
ودعوا,1
وعاها,1
هديتم,1
ثقيلا
,1
يطمينهم,1
يريدني
,1
لطاف,1
يعيدني
,1
بطون
,1
فالناشطات,1
الحسود
,1
فايقنوا,1
طالعي,1
فالجرح,1
فشهادة,1
نسفت,1
عطاءا
,1
الطاف,1
ويوميذ,1
واوفيت,1
خلفها
,1
شكي,1
المحشر
,1
يين,1
تنازعهم,1
فالنجاة
,1
السالكين,1
توارينا
,1
وللعقول,1
واحتوينا,1
والكرام,1
وسرورها,1
زمامي,1
السكر
,1
الخاويات
,1
بجلالها,1
الطويل,1
اعذبه,1
ومرضع,1
زعمت
,1
مصرا,1
وضلال,1
يجيد,1
فرض,1
الاذى,1
فرع,1
يهود
,1
بدايتنا
,1
احتمينا,1
فلحينا,1
ابوا,1
امات,1
مدثرين,1
التلقي,1
اماط,1
فاجنح,1
كذلك
,1
لذاكر,1
الغبي
,1
واخرتي,1
الصفية,1
بانا,1
ـرت,1
وملجيي,1
وقفت,1
ليخافا
,1
القى,1
فيقطعوا,1
فينظر,1
مستمع,1
محرما,1
درجوا,1
يقين,1
الصادعون,1
وسلام,1
والالقاب
,1
ملبوسي,1
تستقيه,1
خدامي
,1
وكيلا
,1
فتدلت
,1
حفيظة
,1
امين
,1
وعبدا
,1
الصبي
,1
منذر,1
فمقارف,1
تثنية,1
فعال,1
سوال,1
سواه,1
البرق,1
وانكار,1
اناختي
,1
وياله,1
العشار,1
والديارا
,1
تربيت
,1
الظعن,1
لاروت
,1
واحدة,1
رواغب
,1
تكمل,1
الفي,1
ساريا,1
وعزيمة,1
فاركع,1
خلعت,1
رجاه
,1
مرجعا,1
الباقيات
,1
قراها,1
وتعكف,1
والحامدين,1
تسال,1
للمشاهد,1
فتعطي,1
وفيض,1
الشدايد
,1
مغروضا,1
لباب,1
بورة,1
خرقها
,1
واستجيبت,1
مزاودي
,1
اللين
,1
نكران,1
مفاتح,1
صحيفتي
,1
بنوح,1
والصدور,1
بمودتي
,1
وقدره,1
سيرهم,1
ختامها,1
امامي,1
نفختي,1
للجميع,1
تنفقون,1
الاحزاب
,1
قريب,1
فقبلتك,1
العظماء
,1
الكافرين
,1
تلقوا,1
واجب
,1
حماكم,1
والديار
,1
السيول,1
سجدا
,1
بنفختي
,1
ومنحتي,1
بناره
,1
هوانا
,1
مهادي
,1
الثواب
,1
واعلاه,1
للايمة,1
الراحمية
,1
افك,1
منشيني
,1
فعلمنا,1
وحرامه,1
فتلقي,1
ولتشكروا,1
تشفي,1
تشفى,1
الانس,1
للعبد,1
واسلموا,1
ينمحي,1
مفازة,1
بالارواح,1
لعلم,1
ورجاء
,1
توفى,1
والموافي,1
عاينتها,1
العبا
,1
دعانا
,1
طاقة,1
ينزاح
,1
تكلا,1
يسيرا
,1
يعتلي
,1
فالغار,1
اشحت
,1
سطوره,1
ويستعدي,1
يصيبني
,1
اطلاقه,1
فخالطوا,1
بقبضة
,1
مكاسب
,1
خرق,1
والكون,1
فجعلتها,1
عيني,1
خواضا,1
مغاضبا,1
يعظمه,1
لبوا,1
كالمتفضلين
,1
بقايه,1
قصاص,1
ونار,1
وتوهموا
,1
ذكروا,1
صبغها
,1
ومقام,1
وطالت,1
الثمالة,1
ينشرونها
,1
السفهاء,1
عنايتي
,1
مويدي,1
للنار,1
خطيب,1
تجري,1
صاحبا,1
صوام,1
تنقضي,1
يعد,1
افل
,1
المشارب
,1
فانفذوا,1
تذكرونها
,1
فتحقيق,1
يضاهى,1
بموتفكات
,1
جددتها,1
وبنت,1
عرفات,1
حظها
,1
والتدوين
,1
طعام,1
بني
,1
بحانتي
,1
ومعبود,1
سهدي
,1
كنت
,1
بالعدل,1
معراجا,1
لانك,1
واصحابا,1
الانصاف
,1
حظيرتي
,1
الخيار
,1
جناح
,1
جهلتم,1
مليحة,1
امنت
,1
شقيا
,1
يشادد,1
سره
,1
عاشقي,1
اصح,1
بنجاته
,1
منتي,1
بينت,1
فالانا,1
تشربون
,1
يخامرني,1
الاحتكام,1
والشاربون,1
التفات
,1
اللييم,1
امركم,1
ولعلها
,1
شعاعي,1
والاملاك,1
يبوء,1
رضاي,1
واعتمرت
,1
اياب,1
مسكتي
,1
يغرب
,1
الصالحين
,1
رضاه,1
حللا
,1
توافى
,1
يمينها,1
سايلي
,1
الزحام,1
مفخرة,1
عطيتي
,1
استواها
,1
الرسالات
,1
صولتي
,1
لجمالها,1
واغدو,1
تسحب
,1
ويدي,1
غافر
,1
النبي
,1
كالسباب
,1
ونورا
,1
والتجني,1
فيكاد
,1
لفظا,1
فتباركت,1
الصفاء,1
عصي
,1
الصفات,1
غدوت,1
لثام
,1
نحروا,1
تستفتحوا,1
معبودا,1
التقييد,1
وفنوا,1
اعادتهم,1
مثلك,1
مثله,1
الصمد
,1
زلة,1
الفتق,1
صرحيتي
,1
والقعود,1
الرعية,1
فذانك,1
والحقيقة,1
والوجد,1
اشير,1
عدمت,1
يصنفهم,1
وفردا
,1
نفثت,1
وسيلتك,1
ومرتع,1
وليحذروا,1
نلقيها,1
للمريد,1
قلاني
,1
لربنا,1
شاهت,1
وقضى,1
برجلك,1
غنانا
,1
واعبد,1
وتطاع
,1
لظهر,1
حوار,1
والليل,1
سماه
,1
دارا,1
دارت,1
جلود,1
منجدي
,1
يبغيان
,1
مفيضة
,1
البسناه,1
بيقينه
,1
فالغر,1
الرمية
,1
وتخير,1
الناقصات
,1
المنية
,1
فتاهبوا,1
نشاهده,1
جميل,1
فلتهجروا,1
بتيه,1
بعزتي
,1
ومفصلا,1
اوب,1
البلية,1
اود,1
اوج,1
وفي
,1
ضده
,1
اواب,1
سراب
,1
حسنا,1
وحاذروا,1
لافصحت,1
لعبيد,1
واصطفيتم,1
ولبعد,1
المنهج,1
الرواية
,1
الاتمام
,1
رتبتنا
,1
رقواته
,1
صببت,1
لابواب,1
فردها,1
يرقى,1
غلب,1
جموعنا,1
الاسفار,1
يتلمسون,1
واماني,1
والتداني
,1
يصفو,1
بوصلك,1
واعطيناه,1
الانوا,1
بوصله,1
فقولي,1
والزيغ,1
الاقداس,1
مشكاته
,1
مثبت
,1
يريه,1
عشقتك,1
واستترت
,1
بغرامي
,1
اضرمت,1
فيقر,1
الفارقات,1
يحدث,1
فالمباني,1
مظاهرها,1
سموت,1
ضعفاوهم,1
يقرينا
,1
العظام,1
سالقي,1
ينحسر
,1
اموات,1
اله,1
بحيلتي
,1
فصارت,1
ارضانا
,1
عطيتنا
,1
فصلينا,1
واسلموا
,1
وتثبت
,1
ينهلوا,1
عاصيني
,1
وعادت,1
فاشهد,1
الحوض,1
تقام,1
لمعتنا
,1
لانها,1
استشهاد
,1
قسطا,1
بلمعتي
,1
بهيامي
,1
اشتغال,1
شارقه,1
جباير
,1
الجان
,1
المذاهب,1
السعادتين,1
اشتكى,1
اضيف,1
للتوحيد,1
ساجد,1
يرد,1
كاشح
,1
المجرم
,1
بشايري
,1
يعرج,1
والحين,1
صادع,1
زرعتم,1
السفينة,1
الشديد,1
قرباي,1
شمسية,1
بذات,1
وعده,1
وعدل,1
وعدي,1
ارتني,1
فطام
,1
باء,1
وميت,1
مريم,1
المثنى,1
مريي,1
سديلة
,1
ويرى,1
ويخزى,1
بتلقيني,1
صيب,1
لاقطاب,1
رحمتنا
,1
رايتهم,1
ادريه,1
يقتدي,1
خذها,1
كملت,1
منكرا,1
ماء
,1
فهذه,1
الشفرات
,1
حقرته,1
حالي,1
حماها,1
واصطفيت,1
ومقامي
,1
العيون,1
ايتمنا
,1
تزاور,1
قالوه,1
هبات,1
نبايتي
,1
تعطيه,1
حفص,1
وشارب,1
مغيبا,1
لواه,1
رجاوه,1
فتسمى,1
تطلبون,1
مضمونها
,1
عطايانا,1
حفت,1
وببعض,1
الهايمون,1
للاحباب,1
كتم
,1
فاجمعوا,1
القضاء,1
الاستقامة,1
واستوى,1
شيون,1
المومنات
,1
تثنى
,1
ثنايا,1
بارفاده,1
فرقها,1
بالرضى,1
الشموس,1
مطالب
,1
للقصد,1
اسلم,1
والجفاء
,1
ليامنوا,1
واثقا,1
برتبتها,1
وللذنب,1
تحتوينا,1
وسلاما
,1
نكرع,1
وسرها,1
مقيما
,1
داني
,1
هامات,1
لتسلموا,1
المشارق,1
جنان,1
فتيمموا
,1
نصرا,1
تحيات,1
فالرحمة,1
وهاد
,1
الواحد
,1
المدارك
,1
الزيارة
,1
تعلق,1
الحياة
,1
اذهبوا,1
فاستقيموا
,1
جنتيه,1
استغراب
,1
ذقنا,1
غرام,1
شربوا,1
مالوا,1
نقصان,1
وكذب,1
ياباه,1
القصيد
,1
شكار,1
تركوا,1
موت
,1
عضت
,1
منظوماتي
,1
تمدوا,1
باللغو,1
الهناء
,1
مفتاح,1
شفاعا,1
وفقهت,1
وتكتمت,1
صغيرا
,1
لعزة,1
واوجزوا,1
الابرار,1
فهما,1
فالمعية,1
فجرت,1
الخوارق,1
نوابع,1
اجعل,1
حلية,1
ـتم,1
مزيد,1
اقوم,1
اذكر
,1
رمزت,1
لانعمه,1
فانيا
,1
الطرايق
,1
فتعلموا
,1
سقوا,1
واكتب
,1
الاكمام
,1
مخارجا,1
جهلهم,1
احدية,1
شربتي,1
وعاريتي,1
جاش,1
جار,1
حبيا
,1
دعواهم,1
جاد,1
جمرة
,1
اطت
,1
يحاكي,1
يافكون
,1
كبرت,1
تحطه,1
تولد,1
اعتلى,1
اخرجت,1
ومكابد,1
خضراء,1
للغبار
,1
سكن,1
رحما,1
رواسينا
,1
بقوله,1
موجبات,1
هجري,1
بالعشية
,1
بالاسراء
,1
عابر,1
احمدها,1
اظهار
,1
والهنا,1
لبى
,1
عشيت,1
حلاله,1
الكاملين
,1
بالتجلة
,1
فانبرى,1
احدث,1
اشكو,1
بداءة,1
يدعى,1
بالذات
,1
سرمدي,1
صاح,1
بعيونها
,1
المعظمة,1
نفتقها,1
خالصين
,1
لظاها
,1
وركبنا,1
البيض,1
البيع,1
بالتجلي,1
صاحوا
,1
طالبي,1
لتنهلوا,1
قصدي
,1
تبت,1
فان
,1
تبا,1
تمسكت,1
صبغتنا
,1
الاجارة
,1
النازعات
,1
بغيهبي,1
المستحسنات
,1
تفيدني
,1
مبين
,1
لالقي,1
الد
,1
روابينا
,1
مرء,1
يمن,1
بالعبارات,1
وجميع,1
ترتدونها
,1
فتعللوا,1
حاشاه,1
واخرها,1
ويطرق,1
والذي,1
المفاسد
,1
ومارد
,1
ظهورهم,1
امالوك,1
انفسنا,1
هواه,1
صحبتنا
,1
يبق,1
الوادي,1
منسدلا
,1
والبرد,1
الاربعين,1
نحيلا
,1
حظوتنا,1
توجرن,1
اباء,1
البضايع,1
مطاع
,1
ضدها
,1
ابانا,1
محبوب,1
الموقرات,1
غيوبا,1
بالوصال,1
ستور,1
اللهم,1
ملكتها,1
فثامنهم,1
شرابي
,1
ويصفو,1
بالحبيب,1
قطعك,1
يمنحنا,1
يشرينا
,1
مناها
,1
شرايع,1
المكانات
,1
سلم,1
وسيدة,1
فصبر,1
وشارد
,1
حاسد,1
وشر,1
تبتيلا
,1
لسادتنا
,1
مسفرة,1
لتلقى,1
كفرت,1
والابهام
,1
البوايق
,1
يختص,1
يشرب
,1
تطلب,1
الضوية
,1
وافترش,1
منايح,1
وافشت
,1
تربنا,1
اجمعوا,1
ارضهم,1
الانفراج,1
اجحافا
,1
وعزنا,1
ملقبا
,1
اثارت,1
الفتوح,1
وساطع,1
بالذكر,1
كايات,1
يشغلني,1
حكمه,1
للشتات
,1
زخرف,1
ينطفي,1
اجتمعتم,1
لدينك,1
جوامعها,1
تحصدون
,1
ليجمعكم,1
فالفرد,1
قارف,1
كالسالي
,1
جملة,1
يورق,1
حصير
,1
تواريها,1
امكم,1
لخاتم,1
جاهلين
,1
اثباته
,1
خوارق,1
جاءه,1
اثار,1
وسرنا,1
كنيتي
,1
مقربا,1
بالجود,1
جهولا,1
المحبين,1
دينهم,1
صياح
,1
واميني,1
علموا,1
للذات,1
وامينه,1
ساروا
,1
تناجي,1
صحت,1
تكب,1
تذكرة,1
رقيا,1
زيها
,1
منيتي,1
نادانا,1
وهينات,1
ضحاه
,1
السعاة
,1
حبيس,1
ببهتان,1
يظن,1
ذروا,1
خفي
,1
غوى,1
الشدايد,1
حبيت,1
الوثنا
,1
وجميعا,1
خليل,1
صحبتنا,1
ظميت,1
كمينة
,1
صوتي,1
معيشتي
,1
فاحتضر
,1
وانزلوهم,1
يرهب,1
كنانتي
,1
مدت
,1
خلقه,1
لولى,1
لولي,1
عدتنا
,1
نعت,1
وفوق,1
بالاصغاء
,1
الحانة,1
العالمين,1
الارواح
,1
مسندا
,1
ومعصية,1
بمكيال,1
تستصرخ,1
قبلك,1
الواهب
,1
سكنت,1
العاديات
,1
لبت
,1
دوام,1
وصموا
,1
قضاها
,1
فحسابه,1
ومجمل,1
حسرات
,1
التثريب
,1
وجمعي,1
الملكات
,1
سلكت,1
يزفنا,1
ثمن,1
يسو,1
فابتليت,1
مزجا,1
لبينا,1
ليتهم,1
العطف,1
نقعا,1
لطالب,1
غيبها
,1
ظلمات,1
اعقابها,1
تعتليه,1
ظلماء,1
نكصوا,1
صبا
,1
وفصلت,1
يرضيني
,1
فالهوى,1
جمالها,1
شتى,1
لسانها,1
يتبادلون,1
منى,1
وبهم,1
منـ,1
منن,1
سباته
,1
تكويني
,1
باحشاء,1
كبلت,1
قسم,1
وحب,1
قراوا,1
وحد,1
غيبه,1
تواصلوا,1
لفاح
,1
الولاية
,1
نكصت
,1
مراقينا
,1
غافلا,1
الحنية
,1
استوانا
,1
طويلتي
,1
يدخلون,1
يشتهيها,1
ورياح,1
النماء
,1
جهلت
,1
بعد
,1
القضا,1
المنجدا
,1
تذيبني
,1
قلما,1
لعالم,1
تحية,1
تحيا,1
درات,1
انتحال,1
ارحم
,1
لمفتكم,1
عسيتم,1
والخلاف,1
المنابت
,1
مزيدي,1
ناحوا,1
خاض,1
مالكة,1
والعسل
,1
الشاة,1
يواريني
,1
والكرب,1
بغيره
,1
يجزي,1
اتاها
,1
وحبوتهن,1
حشر,1
تحقر,1
ابتداء
,1
فانسخ,1
رهطها
,1
الالهام
,1
المطاع,1
تعرف,1
المبنى,1
للدنيا,1
طه
,1
الكبريا,1
فاحملوه,1
ظلام,1
ظلال,1
وصلناه,1
مويدا
,1
ورجيتي
,1
تفجرت,1
النسيم,1
تبتلع,1
بفطنة
,1
ومرتعي,1
وعيني,1
حسنا
,1
والحجب,1
بظلة
,1
بالقوافي,1
اقاموا
,1
صنوف,1
يرقمونها
,1
نجواه
,1
يشكو,1
يشكى,1
بالمنى,1
بالاستقامة
,1
الفرقد
,1
بالمحبة,1
واستبقنا,1
الظلم,1
نارك
,1
ترتضيه,1
احبتنا
,1
فاخلاق,1
خطت,1
المستعاذ,1
الجديد,1
بالالباب,1
بالمرايي,1
فيجبر,1
القرار
,1
ثمان,1
الاية,1
اضاعوا,1
فتحكم,1
خليلا,1
وارفع,1
ينقصه,1
وهدايتي,1
ربها,1
وتابعي,1
تقتير
,1
لدنه,1
بكشف,1
لدني,1
ننتهي,1
قلنا
,1
افلح,1
بالخسران
,1
والاصحاب,1
ذنوب,1
طعم,1
بابا,1
يثني,1
متاعا,1
بالجليل,1
تطوى,1
تطوي,1
والشياطين,1
الاوثان,1
بكفي,1
ناري,1
كفيتم,1
تفصحت,1
المحزون
,1
تسلنا
,1
الرضا
,1
بمعيننا,1
الرمد
,1
الرقاب,1
جدتم,1
تحصيلهم,1
يولم,1
ختاما,1
لينسب,1
الرقاع,1
يكيد
,1
الماء
,1
سكتنا,1
فقطعتم,1
سلوني,1
العطيات
,1
ويكرع,1
وغردت,1
خال
,1
الاسفل
,1
زاعمين,1
يسبقها,1
ياوها,1
فبالمشيية,1
نهلتي
,1
واستجيـ,1
ودان,1
تصرفون
,1
التسطير,1
مولد,1
المبيت,1
وغراس,1
نثرت,1
لرب,1
بضياه
,1
ابخاس,1
حكمته,1
ثالثا,1
يقوى,1
حكمتي,1
نبتغيه,1
جواهره,1
يذكرون
,1
الجراد,1
بتعظيم,1
لتنجوا,1
مبتغانا,1
ات
,1
حانها,1
ادهقت,1
الكتاب
,1
الجماد,1
الجمار,1
عرشي,1
وستشربوا,1
يكتمون
,1
ولكنني,1
دهرها
,1
الفيصل,1
وتنزلت,1
القيامة
,1
المسلم
,1
يوافق,1
للركب,1
بكامل,1
يغشينا
,1
الفاظهم,1
اجفانهم,1
عقبى,1
اطمانت
,1
وعطاوه,1
اللبنات
,1
نزهتهم,1
مواقع,1
الغرقد
,1
ووفيت,1
فعيشوا,1
طهرا,1
رماتي
,1
وشبهوا,1
نفير
,1
كلتاهما,1
مبينه,1
اظله,1
المنزل,1
تكفيه,1
فاهتداها,1
ليضاف
,1
الجمعتين,1
الكاينات
,1
العلى,1
حامل,1
كنفي,1
بنون
,1
سجدتي
,1
ممدود,1
ـظوماولست,1
ويستجيـ,1
وملايك,1
رشده,1
سمايي
,1
اهدك,1
تايب
,1
وضلالة,1
اوتار,1
الحميم,1
تسندوا,1
غنى
,1
نتخذه,1
يستمطرون,1
سلاما
,1
ياباه
,1
ترهف,1
بايتنا
,1
الشافعين
,1
بكاء,1
الوفا,1
بالعزيز,1
بالروية
,1
بكاس,1
كاسراء,1
ورث,1
ذروني,1
واضح,1
خوطبوا,1
والمرجى,1
بهمتي,1
وجملة,1
اصطفيتم,1
وسخي,1
تعلل,1
بحران,1
العاديات,1
الموهوب,1
اذود
,1
تعلو,1
والامان,1
اركاني,1
ساع,1
بمعراجي,1
واشربوها,1
بدا
,1
حرمتها,1
رطبا,1
بحب,1
بالخراب
,1
صفا,1
لقلوب,1
ساطلقها,1
وطيب,1
اعمالهم,1
حصنك,1
مايتين,1
ببابها,1
الشهيد
,1
واغشيتكم,1
ضربة,1
بالكرام,1
عنادي
,1
الروافد
,1
الرصد
,1
الاقصى,1
بحبهم,1
اللهو,1
فلولاه,1
حملته,1
تنوء,1
حملتم,1
وتقلبوا,1
والروح,1
الشين,1
وصوامع,1
خدام
,1
ذكرت
,1
الرغيد
,1
متاع
,1
فليسبحوا,1
المقامة
,1
بالجمال,1
فمحوي,1
اجزل,1
جهله,1
جهلـ,1
بسط,1
تقوم,1
يداعبها,1
بالازلام
,1
تقوى,1
لساحتي,1
ايما,1
الواح
,1
اسلمت,1
ركايب
,1
كالخالي,1
خيل,1
شرعة
,1
الخطى,1
السمي,1
غالب
,1
نصها
,1
فطمس,1
اوبة,1
مشربنا,1
كثيبا,1
التواصي,1
الصيحة,1
ينضب
,1
سرمد,1
تقصدوا,1
اماطة,1
المرضي,1
تكفي,1
فالسر,1
لينسج,1
غداتي,1
سرينا,1
المدعي,1
كابر,1
بقومه,1
امنا
,1
فالمعطي,1
يرميني
,1
يشكر
,1
فحبلي,1
كتموه,1
معاند
,1
كتمت,1
اهلتنا
,1
وليلة
,1
بالاستقبال
,1
بغي,1
بتوبة
,1
الاحكام
,1
قابي,1
والعين,1
مكتحلا
,1
طلعة,1
ويحمد,1
تبقى,1
تبقي,1
يعتدي
,1
يحبط,1
فترنم,1
خليلها,1
درك,1
احس,1
للعمد
,1
لواحتنا
,1
تحتمه,1
كاللقيمات,1
تضمر,1
للسيادة,1
والابعاد
,1
قطوفها,1
عترتي,1
بالتذلل,1
هادي
,1
طيبة,1
الكتمان
,1
رزقوا,1
وحظاير,1
قوتي,1
يخونوا,1
بدنيا,1
تكابر,1
الانظارا
,1
السافر,1
يرنو
,1
تشير,1
بالرحمة,1
شهدناه,1
لاعنا,1
خوار
,1
بعقل,1
الخوارج,1
وربما,1
بكمال,1
عطيتها,1
تاخذون,1
ويشبعهم,1
يشار,1
تسالوني,1
ترضيه,1
يغري,1
تدوم,1
تنزهنا,1
يغرك,1
اخوتي,1
وعدولها,1
وعفة,1
تاييد,1
لساحتي
,1
حوالكها,1
رويا,1
يصطفى,1
وصار,1
وناطق,1
السعيد
,1
وخاتما,1
اجابتي,1
المجافي,1
ببدء,1
يناهى,1
حظوته,1
قرانا
,1
القنا,1
ليعكف,1
يقولوا,1
صديقا,1
بالواح,1
تبتغون
,1
بعشره
,1
انفطار
,1
تخفون,1
بلقع,1
راقني,1
رياء,1
فداء
,1
عيونها
,1
حنطتي
,1
ملبوس,1
الاشعة
,1
رضاءه,1
فالحد,1
واقتل,1
ابصر,1
والعظيمة,1
سلوتي
,1
مجلاه,1
وملجا,1
باعث,1
ففالق,1
الوقت,1
ختام
,1
ابقاه,1
كتابها
,1
تكذب,1
ناصفوها,1
كغصة,1
وهلا,1
سليما
,1
سعة,1
دوني,1
ورود,1
مستخف,1
فطيبها,1
المردفين,1
يفشيه,1
خبير,1
الداني
,1
اراكم,1
مفند
,1
الاهواء
,1
بفتنة
,1
خبيء,1
خبيا,1
سبحا,1
الاولياء
,1
الماثورة,1
الخلطاء
,1
يرتضى,1
الكبير,1
رماد
,1
مرات,1
غفوت
,1
كاملتان,1
وحان,1
امنين,1
وعلت,1
عزا,1
الاثنان,1
الضرام,1
وتخشع,1
وعود
,1
نتقيه
,1
هكذا,1
وتجلد
,1
اتيان,1
عيسويا
,1
مويل,1
والغياهب,1
ريب,1
بليت,1
اصبحوا,1
اخبارها,1
مهدي
,1
ليلهن,1
شهدناك,1
غيركم,1
لاحرقت,1
سيمنا
,1
علام
,1
ونالها,1
حياوك,1
بقدر
,1
مستعبر,1
دثارا
,1
بثته,1
منحي,1
اثيرة
,1
الشواهد,1
فنعم,1
اسماه
,1
غشاه
,1
رفقتي
,1
ياقوتة,1
بدنياكم,1
فيحيا,1
ذخركم,1
محتشم
,1
جعلتم,1
نذير,1
جعلته,1
كحرمتي,1
التمثال,1
والدور,1
الطير,1
مجمله,1
ملوه,1
مصقولة,1
مالكينا
,1
الظمي,1
اصيحابي,1
استفهام
,1
عطاءها,1
محزونها
,1
البقية
,1
الافاق,1
راق,1
عثرت,1
بلى
,1
ابغيه,1
فاول,1
رداءا
,1
ولساني
,1
اركض,1
لتسمو,1
تبادلنا,1
الفرس,1
غيرها
,1
نجمية,1
والاتحاد,1
يرزق,1
علانية,1
وردا
,1
الموارد
,1
التدارك
,1
يكسو,1
معينا,1
يغب,1
كمالا,1
لقومي,1
ويسلم,1
عثرات,1
الوفي
,1
العير,1
فرات
,1
وهمة,1
تسير
,1
الخطيية
,1
امه,1
كالخضاب
,1
تبياني
,1
ليذهب,1
بصر,1
وفخرا,1
يدا
,1
فاغطشت,1
تتبعنا,1
وبقيع,1
يجتني,1
تغيرت,1
الغراء,1
لجعلنا,1
كاشفو,1
اسلافا
,1
سرمدية,1
تجعله,1
تلقنوا,1
عصارة,1
واهيل,1
يكتوي,1
الاسلام,1
ومشاهد,1
بصحوتي,1
ايمتهم,1
مملوكا,1
حالك
,1
ارسيت,1
ثبتوا,1
باقوالي,1
امجاده,1
مسلم,1
للنفع,1
النصايح
,1
ويبقى,1
بالركب,1
للنفس,1
سوحه,1
واودعت,1
النفاق,1
الابناء
,1
هلموا
,1
والمسامع,1
والاصباح
,1
اختصاصا,1
بقتلتي
,1
متنه,1
مثوبة,1
اقشعـ,1
والكوثر,1
وراقبوا,1
اشتكي
,1
السامري,1
فلقاء
,1
فالركب,1
قصارك
,1
حفظا,1
اصابعا,1
السطور,1
وجيرة
,1
بدهايها,1
مبلغ,1
استدلت
,1
فكلتاها,1
تهزم,1
ويمموني,1
العظيم
,1
تهزو,1
ملكته,1
والرحمن,1
وقايتنا
,1
معوان,1
بالدنايا,1
والمطمينة,1
قايل,1
ومعبدي,1
يفهموا,1
فاصدع,1
زعمهم,1
الخايضين,1
لاصبح,1
مطير
,1
الشياطين
,1
يشيـ,1
الاوقات
,1
العباد
,1
ـدي,1
كالمكني,1
قليلا
,1
واسفار
,1
جهل
,1
المنجي,1
كفيت,1
الاعالي,1
ارتضاها
,1
لكاذبون
,1
توانيتم,1
تقصدهم,1
حكيمتهم,1
كعزيف,1
تبغي,1
تجاوزوا,1
حكمتي
,1
الرواية,1
فعودا,1
الترجمان
,1
يهاجر,1
فجد
,1
وضلوا,1
فعقولهم,1
الهب,1
موصولة,1
ساير
,1
الساحة,1
مستخلفا,1
فقدنا,1
صحيفة,1
وشانيي,1
منازلنا,1
فالمناقب,1
دسر
,1
فيشرب,1
الحظيرة
,1
الغني,1
ذاكرين,1
نمت,1
نمد,1
سورت,1
شيبوا,1
ابوابه,1
البصر
,1
وداعه,1
بحبيب,1
استخلفت,1
تضرب,1
طويا
,1
تفجرها,1
تضرع,1
اتكات,1
وقسم,1
بدايتي,1
للمجرمين,1
اسمايه,1
مفرطا,1
خصاصتي
,1
اعمره,1
فعاين,1
فارتقب,1
بالفتح,1
الجواري,1
واعزف,1
الايات
,1
الحما,1
اسهموا
,1
المرغم
,1
صديق,1
القيل,1
القيه,1
اذني,1
رياض,1
ونفثة,1
واتممت,1
شاركوا,1
الاقبال,1
بالزيتونة,1
طلبت,1
واحرى,1
سايغا,1
تواهى
,1
خطت
,1
بهذا,1
وعليكم,1
سوءا,1
يربي,1
قفر,1
مجيبه,1
توارى,1
والسوى,1
طوعي,1
وضيع,1
حكمها,1
الاولين
,1
بالاشراك,1
وقياما
,1
اشعتها,1
رخيصة,1
انتي,1
الشريعة,1
كنهها
,1
واولى,1
الصحاف,1
غياهبه,1
تقريب,1
شعاب,1
يلام,1
ونزه,1
اصيب,1
سقيم,1
وصرصرها,1
اثقالها,1
بذواته
,1
راهب
,1
لعترتي
,1
البريية,1
اكول,1
لهو,1
ذبيحتها,1
نمارقي
,1
الشواهد
,1
فعلمكم,1
لراح,1
المومنين,1
تنصب,1
غايب,1
تزكى,1
كبرها,1
تمكيني
,1
الكرم
,1
لحارت,1
اوصيتكم,1
الامثال,1
غفار,1
غراسها,1
يسفر,1
العتم
,1
وللجار,1
الدخول,1
اقرا,1
والهنات
,1
تحسب,1
مطية,1
يقترف,1
هواكم,1
البطحاء
,1
الاوراد,1
الطلقاء
,1
حبال,1
اجاب,1
واسباغ,1
بذمتنا
,1
ترمى,1
جفاك,1
ينقص,1
عقولكم,1
افترقنا,1
بفنايي
,1
زالوا,1
كذات,1
كذاب,1
جنيا
,1
طيبين,1
والادبارا
,1
شهودا,1
باذني,1
بذاتي
,1
المورث,1
نون,1
سابق,1
باذنه,1
فصموا,1
التستر,1
مكنوناته,1
همزيتي
,1
يستقبح,1
صليت
,1
المزمور,1
للعيس,1
عانق,1
يصطفيهم,1
والمدير,1
حصونها
,1
عداوتي,1
الحسين,1
يكناه,1
ربع,1
تلقني,1
المنهل
,1
التعلق,1
يجليه,1
يحتوينا
,1
جفون
,1
وقومي,1
البصيرة
,1
للموصول,1
فتغشى,1
وقبل,1
بالناس,1
والتين
,1
ضيافتنا
,1
غشاوته,1
ثقاته
,1
وتصبر,1
الاعطافا
,1
لاعظم,1
اقلب,1
اقلت,1
الاخذ,1
رحمنا
,1
الحديد,1
تستقيموا,1
تمتطونها
,1
وسماه
,1
نوركم,1
وصيتي
,1
فضلنا,1
وزلفى,1
اكلها
,1
ذويا
,1
المانحات,1
تضبح,1
لبس,1
المخاطب,1
بقال
,1
حقيقة
,1
افاخر
,1
الفناء
,1
فاظهرنا,1
استحال,1
قصور,1
زكاتك
,1
المكلوم,1
الاخبارا
,1
زينبية
,1
الطيور,1
تحظى,1
خدوره,1
تعلمنا,1
تفقه,1
للزور,1
صحايفكم,1
تشعب,1
اللطف,1
ظفرت,1
القواعد
,1
سخاء
,1
فاضح
,1
وايما,1
بهمة
,1
التواء
,1
الجحيم
,1
بشهابها
,1
صحوا,1
النيام,1
عشي,1
الفرات,1
اغطاش,1
طريقة
,1
فالذكر,1
الاخلاء,1
الاملاء
,1
مولودة,1
وتزلزلت,1
ارضه,1
واسدل,1
نحلا
,1
ارضى,1
للساري,1
اكباد,1
يدي
,1
تحدوا,1
المستجير,1
زورا
,1
انفاس,1
يغشاه
,1
وقمة,1
لوم,1
سوالا,1
واجهر,1
لوميض,1
قميصي,1
لاخذت,1
بعصمتي
,1
رغايب
,1
يرشفونها
,1
رضينا,1
نسقي,1
صايح
,1
دونكم,1
المنشات
,1
مبعد,1
واردها,1
مغاربها,1
اختار,1
سديدة,1
لمرتقاها
,1
معتمرا,1
جمعها
,1
طفلها,1
الثعابين
,1
عدنا,1
ولتعمروا,1
مفرقات,1
وغيبة,1
بجفوة
,1
مزجاة,1
اياتي,1
وتقبل,1
عدموا,1
معلوم,1
مناي,1
مفاخري
,1
مناه,1
يشريه,1
جدنا,1
خلافته,1
نبا
,1
اوصافها,1
فلها,1
تناديني,1
مستقسما,1
ماملها,1
حيا
,1
خافيا,1
وفت,1
اعوذ,1
واستقاموا,1
مسغبي,1
الغياهب,1
وارضعت,1
فالفقيد,1
الخلوات
,1
الرقيم,1
التلاقي,1
غرايبنا,1
وجهيه,1
مطيتي
,1
تاييتي
,1
منسوج,1
امعنت,1
وقته,1
الرحماء
,1
تنزه,1
تنزل,1
انكم,1
نافع,1
ادفع,1
وزفرة,1
الاضياف,1
منطق,1
ارقت
,1
تحجب,1
انتبذت,1
هامتي
,1
الواصلون,1
تناجيني
,1
يرجوها,1
مفتون,1
الشافعين,1
خطانا
,1
نصبت,1
رحيق,1
السول,1
يحفظنا,1
بموسى,1
طيا
,1
العبيد
,1
اصلا,1
والحج,1
وماذا,1
احتواء
,1
عصي,1
لطلعتي,1
وترفع,1
حاليا
,1
العناية
,1
الكاس,1
وبسر
,1
حكمنا,1
لبنا,1
لبنت,1
ظلمه,1
اشر
,1
التولي,1
بجمع,1
الربا,1
قضاءا,1
فلتنهلوا,1
التوابع,1
تنفس,1
ومكانا
,1
حزبه
,1
اكون,1
الصحوتين,1
راحي,1
اضداد
,1
الدسوقي,1
ذهابي,1
وداود,1
فتقبلوا,1
حساء,1
ذاقها,1
لدعونا,1
صنوان,1
لازيدكم,1
قليلا,1
اشهد,1
المبصرات,1
عزل,1
فنونها
,1
فتسامروا,1
مخصوصات,1
وصلتها,1
ابتداها
,1
محتكما,1
الثمينة
,1
حبل,1
حبه,1
فعلامة,1
اصيحاب,1
بطنه,1
المعطيات
,1
معظما,1
مليك,1
اقفرت,1
ومفخرة,1
اترابه
,1
طريا
,1
وسعيرها,1
ينفد
,1
مراء,1
غفلتكم,1
يبيع,1
يردي
,1
واجنحة,1
واجنب,1
التقي
,1
بهتانهم,1
ليجافيها,1
رتقنا,1
والسكينة,1
عشرونها,1
فاركان,1
يموت,1
عاشق,1
يضاء,1
تسنيم
,1
زيغ,1
جهلنا,1
اداعب,1
فيلقى,1
ماثري
,1
واخبر,1
خمرا,1
يخاطب,1
ونهايتي
,1
دعيتم,1
للرحماء
,1
خروجا,1
اهرول,1
يفر,1
اخالك
,1
قراءة,1
تسبقون
,1
الدوار,1
الحقته,1
رمز,1
واقتضيت,1
اعطاني
,1
الصايم,1
غرف,1
يشقيك,1
ويرتضي,1
فدايي,1
شان
,1
مليكتي
,1
ينساب
,1
فسلني,1
والسرمدي,1
الميزان,1
البنيات
,1
رواكد
,1
زكية
,1
والصحو,1
الحمل,1
وصيتي,1
ياءا
,1
عميت,1
امناء
,1
البشريات,1
تعظيما,1
بذلك,1
لخاتمهم,1
سمعته,1
غلت
,1
عقدتها
,1
الفتاح
,1
يطرق,1
كالاواني
,1
ومبجل,1
عقيلة,1
فالمقامة,1
حبونا,1
وتستر,1
المعنى
,1
نفحة,1
الدني,1
نظمت
,1
الركب,1
يشا,1
وكسايي,1
موسومة,1
ويالعذب,1
البقاء,1
الفرقان
,1
يجهز,1
فريا
,1
سيق,1
سيـ,1
سين,1
سيم,1
يندم
,1
وفهمنا,1
موردنا,1
فكنوا
,1
كافل,1
النهى
,1
اذا...,1
يوفون,1
فاعبد,1
وظلمة,1
ترك,1
تقتفيه,1
تكبر,1
وافيدة,1
عمارة,1
تسميت
,1
ويستلم,1
تابوا,1
يصير
,1
تعطينا,1
مثال
,1
فاهجرونا
,1
حققوا,1
اشارت,1
القبل,1
السلحفاة
,1
تشير
,1
رعاها,1
ضياوها,1
نجوم,1
والخلل
,1
موصوف,1
وزاير,1
يخونها
,1
قرابة,1
فترضينا
,1
زمهرير,1
تغشيت
,1
طواه,1
خصالكم,1
عضت,1
كالجواري,1
حجرها,1
يجافيه,1
شمسا,1
ربه
,1
قطاها
,1
والانصاف
,1
يقبله,1
لعاد,1
الحزن,1
كثيرا,1
المجرميـ,1
اوليا
,1
يصون
,1
وغراسه,1
خوارقها,1
كاهل,1
فلنا,1
حلم,1
حلل,1
تنتهي,1
احباء,1
تجهلوا,1
باطن,1
وعترة,1
ومحتدي
,1
السايرين,1
عزوفا,1
سعدها,1
بالمشاهد,1
تحجب
,1
مرادي
,1
يالسوء,1
تناسيتم,1
متوجا,1
لتفقه,1
قومها,1
بفلاته
,1
عجبتم,1
التقاء
,1
ظواهره,1
فالتواصل,1
غرايب
,1
وخير,1
الفوايت
,1
الدر,1
اصطفينا,1
كمل,1
فاورثه,1
الراهبين,1
مكابر
,1
فتساوت,1
عجابها,1
يطهرنا,1
ويكون,1
مده,1
مدى,1
مدي,1
فاطمينوا
,1
كاتمينا
,1
لاعصر,1
واحكاما,1
الافهام
,1
صفت
,1
غيث,1
عقيمة,1
غايتي,1
يهتدوا,1
وادركتنا,1
وعليم
,1
جبيرتي
,1
جزيل,1
وبدوا,1
بشوكة,1
وتلوين
,1
لربيب,1
خالقا,1
زحف,1
تصان,1
بحمى,1
الليام,1
بحمل,1
يمنها
,1
واثار,1
وعطيتي
,1
ملتم,1
تلاها
,1
ربانا
,1
وناسيني
,1
فيكشف,1
وعشر,1
بهن,1
فيطرب,1
المدثر,1
ورتل,1
العقايد
,1
بعزة,1
ظالم,1
الاعظم
,1
الايمة,1
لثامه,1
صحبتي
,1
المعتدي
,1
بالرعب,1
نضب,1
بالتطير,1
مسلما,1
فاداروا,1
غريبا,1
ريبا,1
نضر,1
رثاها
,1
انباته
,1
جحيم,1
ظننا,1
نزولها,1
جبايتي
,1
واضح
,1
تكال,1
الغسلين,1
التجافي,1
احرقت,1
واجعل,1
خدما,1
وعم,1
الخضراء,1
مستطاعك,1
خدمة,1
عدانا
,1
والقافات,1
الجور,1
مشتملات
,1
يحار,1
اوطاري
,1
شروا,1
فينثني,1
اضحت,1
المنايح
,1
دلت
,1
فافخر,1
والخوض,1
بصحوكم,1
وقوله,1
رءوس,1
تجدنا
,1
الشهداء,1
المعدم
,1
ضيم
,1
كاذب,1
للغم,1
تسلموا,1
كسره,1
وكبارا
,1
خلافة,1
المرسل
,1
الاحلام
,1
زمان,1
روضه,1
جنتان,1
التوراة,1
قلوبنا,1
سدت,1
دهش,1
فتهيبوا,1
مفتقة,1
وغم,1
والنجم,1
تفشلوا,1
الخوض,1
الاسراء,1
تخليت
,1
لافاك,1
نقايض,1
ارباع,1
مذهبي,1
صراط,1
معيته,1
لاحت,1
الثلاثة,1
يشترى,1
جود,1
وعظيما,1
سطر,1
البحر,1
القرابين
,1
بادرة,1
مشاع
,1
يقاس,1
ووحدة,1
النجية
,1
تحيدوا,1
السايلات
,1
بالالى,1
اونسوا,1
ليطلع,1
انارك
,1
واحذروها,1
بضعا,1
ثامن,1
الخبر
,1
المانحات
,1
بالارشاد
,1
القوية
,1
وابتاعوا
,1
يرموننا,1
منتصر
,1
الحياتين,1
تلفتي
,1
هجرتي,1
كبيرة,1
فدنا,1
عطوفا,1
يصاب,1
كبيرا,1
كبيرا
,1
الصادعينا
,1
الذكرى,1
الخافقين,1
قدموني,1
زبد
,1
رمزنا,1
الاستواء
,1
يصب,1
وصلك,1
الستور,1
لقايدي
,1
رتبة
,1
وتسعى,1
رقوته,1
يبكيك,1
استجاروا
,1
حصني,1
البهم
,1
ينادمني,1
يرتضينا
,1
المويد,1
امانتي
,1
ظلا,1
ثناوه,1
مطايا,1
فتصطلي,1
تدارس,1
تصير,1
معشوقة,1
الاسقام
,1
اغفاء
,1
ليرتوي,1
واغياري
,1
خبلا,1
عينها,1
تاملنا,1
اسلاما
,1
الغمام,1
سعي,1
نسالكم,1
ارواحا,1
الفناك,1
الابيات,1
ستورها,1
شربي,1
حجتي
,1
تجنب,1
للصبيغ,1
صافيه,1
مغبون,1
فاق,1
ترانا
,1
السحايب,1
فاي,1
انصاري
,1
وتالله,1
حضرة
,1
فرده,1
وريح,1
التبيان,1
تحليت
,1
انكروا,1
النقاب
,1
عضوا,1
يدعوا,1
اوزاري
,1
يبثها,1
بناصع,1
بالحي,1
الصالحون,1
المال,1
جهروا,1
مومل,1
السابقين,1
الخواء
,1
يقظتي
,1
تردى
,1
مهذب,1
المكان,1
ضريع,1
ايثارها,1
تحصنت,1
شراع
,1
بقر,1
وجهول,1
يقصدونها
,1
بمدركة,1
رضيتم,1
اعرضوا,1
عفيفة,1
يعاندني,1
فصاروا,1
بيع,1
بيا,1
استقروا,1
التنزيل,1
تتكبروا,1
وحدي
,1
قوارير,1
فمنبر,1
اجله,1
محاها
,1
كاسها,1
فربك,1
المحامد
,1
وشانينا,1
قاله,1
ليرتقي,1
كالظبا
,1
اعياه,1
اعيان,1
الجبين,1
ان
,1
بالسرمدية
,1
بماخوذ,1
تالبوا
,1
الظنون,1
سمية
,1
غرقوا,1
للرواسخ,1
الجحود,1
سرني,1
جفا,1
العناكب,1
نداءا
,1
اناء,1
تاويلا,1
وانعم,1
تفصيلها,1
بجهد,1
المبتور,1
العيش,1
اناس,1
الامارا
,1
حاكمينا
,1
وقيل,1
تقاذف,1
بالنذر,1
الشاذلي,1
لستري,1
سامنح,1
الميثاق,1
عجايبها,1
اصابت
,1
شامت
,1
بلغتم,1
كهفهم,1
الدماء,1
واكبر,1
وانحر,1
مسكر,1
تدك,1
باغيا,1
استبقنا,1
جاءهم,1
العقبى
,1
لتعلموا,1
مسكا,1
وارف,1
البلواء
,1
حرف,1
وعدوها,1
والعنيد
,1
كسيرة
,1
وارتويتم,1
النتنا
,1
اعجازا,1
صاروا,1
المهين
,1
سيلت,1
يلق,1
يجدد,1
تريح,1
التعطيل,1
نفوسكم,1
فذاتي,1
ركبتم,1
اخوتنا,1
صراطكم,1
بزمان
,1
قمرية,1
خيرها,1
غيرك,1
سحب,1
فغض,1
قتيل,1
سنورده,1
المنصب
,1
بعقول,1
شمه,1
شمم,1
عاصمكم,1
غرقنا,1
شريدا,1
ازارا
,1
لاسقمت,1
واحتكم
,1
يرمني,1
اضرب
,1
ليحفظها,1
واسع,1
واحتمايي,1
المشوق,1
رماها,1
رقت,1
وتاييد,1
بفض,1
العدنان
,1
الرقي
,1
واستعذب,1
سبة,1
رقا,1
رزقنا,1
وموصول,1
المشركين,1
مهرب,1
بنظرتي
,1
صيد,1
اودعوا,1
بلوغه,1
فتناهم,1
مكة,1
شرفاء
,1
تفتق,1
شواهدها,1
بعيدا,1
اذنت,1
واخفيها,1
نحلتهم,1
تعذبوا,1
خطاء
,1
عانيا
,1
يديه,1
يستسيغ,1
تعظيما
,1
خرجوا,1
بدءه,1
تستروا,1
مجيبهم,1
الحذاق,1
ابطنت,1
للمتقين,1
حبتي,1
يتلى,1
الطليعة,1
تبتغون,1
جبارا,1
واصفح,1
نشهده,1
وحمد,1
ترقم
,1
تصبري,1
والارشاد
,1
فلكل,1
والتحكيم,1
برهان,1
حللتم,1
فاستقم
,1
وتجنبوا,1
ادري-,1
والمنير,1
باذنه
,1
عقمت,1
سول,1
حميا
,1
سايلا,1
حديثي,1
ذاهب
,1
فاعين,1
بغارتي
,1
سواك,1
قريرا
,1
بالكنى,1
صباح
,1
وشرابا,1
رحيبة,1
احدية
,1
يعمل,1
واستتر
,1
مسود,1
رويدكم,1
للميت,1
والفتق,1
نادما,1
تخليص,1
بستوره,1
سواع
,1
مادت,1
الاعيان,1
تخليت,1
خصال,1
جبيرتنا
,1
الحياء
,1
ثناء
,1
رحيما,1
كلماته
,1
اطوار,1
وساير,1
ارواحنا,1
شاذليا
,1
والجسام
,1
فاخفض,1
يجتاحها,1
ابارك,1
والعاكفون,1
اصلها,1
العبادة,1
امرت
,1
اسرارا
,1
لدي
,1
كفر
,1
بقران,1
البدايات,1
لقايكم,1
عنت,1
رقيا
,1
نكرى,1
فاركب,1
القنهم,1
ضعاف,1
الفتنا
,1
مباهج,1
ونلت,1
ممعنا,1
الادراك,1
مزاود,1
وبالقسطاس,1
الرفات
,1
صفيا
,1
صارت,1
شاني
,1
والهدى,1
اثنتان,1
مدعيه
,1
تدثرها,1
فالنفي,1
ودست,1
وطيت,1
تنعيما
,1
بعزتنا
,1
فقهها,1
جديد
,1
لحكم,1
قوة,1
مسند
,1
وادم,1
صفاي,1
والمستضعفين
,1
فروع,1
التعدي
,1
فالراح,1
التحريك,1
النقل,1
والفخار,1
فروا,1
للهداية,1
ينادي,1
فلذتي,1
بنقطة,1
حزب,1
والتنحي,1
ودروب,1
يقتل,1
نصحنا,1
غورا,1
يزيدني
,1
مغش,1
بايات,1
وانتقي,1
فيهما,1
الطريق,1
بسري,1
اعملت,1
ردت
,1
محفوظة,1
لوحدة,1
لاهثا,1
بالصفحات
,1
رجل,1
غايتنا
,1
اكف,1
اسف,1
فارتضونا
,1
اسم,1
واترك,1
بجهلهم,1
النهايات
,1
وفرة
,1
ارفادا,1
لوامة,1
عثمان,1
صالح,1
وحراكها,1
ونذير,1
يقربنا,1
ترهيب,1
قربى,1
سفير
,1
تداني,1
صاحبي,1
صنعتنا
,1
مراه
,1
ولباب
,1
بفخر,1
للزيادة
,1
اجن,1
محبكم,1
رقيتي
,1
سريت,1
فاقتفوهم,1
اخوتي
,1
وازدجر
,1
لزاميا,1
لانتهوا,1
صلني,1
الرحاب
,1
مثيله,1
معتمد,1
اليتيم
,1
المكره
,1
منفطم,1
حبيبي,1
وايتي,1
زدناه,1
جاوزوا,1
السلامة
,1
باسط,1
تباع,1
فرقتنا
,1
غياهب,1
ويحفظه,1
تعمنا,1
الحافظية
,1
عرسها
,1
مركب,1
غرايب,1
برضاء,1
ارتداها
,1
المعاند,1
اخص,1
تحتية,1
بسبق,1
سواء
,1
عقدا,1
المقامة,1
وسل,1
عقدة,1
كمراد,1
فليعلم,1
يصلي,1
طوع,1
تمايم,1
يقابلها,1
عرجونها
,1
المليحة,1
بموردي,1
الشفعاء,1
لنعمتي
,1
الساير,1
مثال,1
حملوه,1
فييتي
,1
الثقلان
,1
فزت,1
مشترى,1
للاحداق,1
وقدوتي,1
مقارف,1
يطالع,1
بهيمة,1
وصرت,1
والايام,1
بانكار
,1
مبتغ,1
عبودتنا
,1
تنتهوا,1
والاثبات,1
للظمان
,1
بالزهرا,1
حمايتي
,1
وليا
,1
لجنوا,1
اعطاه,1
مهمة,1
خطاب,1
مولانا,1
اشارات,1
الواشي,1
يوقى,1
تقبل,1
والنمام
,1
الاوصاف,1
النا
,1
راسخ,1
مراكب
,1
اماتك,1
منعدم
,1
وحقا,1
سابقنا,1
المعارف,1
فايقا,1
العاكفون,1
الوصيلة,1
اروح,1
والن,1
النقاء
,1
سبحها,1
قدر
,1
الصالحات
,1
فاصبحنا,1
صراطي,1
حكمت
,1
يمينه,1
اقام,1
صايب
,1
بوصلتي
,1
وتادب,1
خفيات,1
قالها,1
الوتيـ,1
واسقينا,1
حاجتنا
,1
ضاهت,1
تحمل,1
الملك,1
يزفون,1
محفتي
,1
التعاقد
,1
صحبه,1
معارف,1
انبعاثا,1
بالمعصوم,1
شحا,1
استلهام
,1
حادي
,1
القرار,1
فلينتهوا,1
الطلاب,1
والامراء
,1
تقريبها,1
سلسبيل,1
والامام
,1
الاقرب
,1
واشربوا,1
ونهر
,1
مسيرها,1
باتت,1
ضعيفا,1
المنبر,1
نورك,1
عبيده,1
وعدا,1
متصلا
,1
اوتاري
,1
وتزكمه,1
موايدي
,1
وتلفح,1
لقبل,1
الزاعمين,1
المكلم,1
والمرجان,1
عزتنا
,1
فلكم,1
عصاها
,1
لولوي,1
الصعداء
,1
امثالا,1
صدعت,1
المرسلون,1
والجواهر,1
وملء,1
الشتات
,1
زين
,1
وكاها
,1
وعلم
,1
استيجار,1
والاباء,1
بخدمتنا
,1
كنا
,1
هداها
,1
ونقرا,1
فعن,1
تجنى
,1
واري,1
وانجلت,1
معجز,1
سنون
,1
اجرتم,1
مركبنا,1
والهبات
,1
العون,1
مانحها,1
انعت,1
الق,1
انهر,1
نشوتنا
,1
فتحسسوا,1
رايناها,1
قلى,1
بسكونها,1
للورى,1
والتقييد,1
ارقى,1
كالرماة,1
صنعة,1
شكرنا,1
الهامي
,1
ولذكر,1
امنوا,1
ولتشربوا,1
راية,1
مقطوعي,1
وضيعا,1
يونس,1
وصحبك,1
رحم,1
دونك,1
اليمين,1
سقيما
,1
ومراتب,1
مراي,1
مكرا,1
سمعناه,1
الرحيم
,1
المصفد,1
